{
    "AuxAudioDevice1": {
        "balance": 0.5,
        "deinterlace_field_order": 0,
        "deinterlace_mode": 0,
        "enabled": true,
        "flags": 0,
        "hotkeys": {
            "libobs.mute": [],
            "libobs.push-to-mute": [],
            "libobs.push-to-talk": [],
            "libobs.unmute": []
        },
        "id": "coreaudio_input_capture",
        "mixers": 255,
        "monitoring_type": 0,
        "muted": false,
        "name": "Matt",
        "prev_ver": 436273154,
        "private_settings": {},
        "push-to-mute": false,
        "push-to-mute-delay": 0,
        "push-to-talk": false,
        "push-to-talk-delay": 0,
        "settings": {
            "device_id": "AppleUSBAudioEngine:Antlion Audio:Antlion USB Microphone:1130000:1"
        },
        "sync": 0,
        "versioned_id": "coreaudio_input_capture",
        "volume": 0.66144514083862305
    },
    "DesktopAudioDevice1": {
        "balance": 0.5,
        "deinterlace_field_order": 0,
        "deinterlace_mode": 0,
        "enabled": true,
        "flags": 0,
        "hotkeys": {
            "libobs.mute": [],
            "libobs.push-to-mute": [],
            "libobs.push-to-talk": [],
            "libobs.unmute": []
        },
        "id": "coreaudio_output_capture",
        "mixers": 255,
        "monitoring_type": 0,
        "muted": true,
        "name": "Desktop Audio",
        "prev_ver": 436273154,
        "private_settings": {},
        "push-to-mute": false,
        "push-to-mute-delay": 0,
        "push-to-talk": false,
        "push-to-talk-delay": 0,
        "settings": {
            "device_id": "SoundflowerEngine:0"
        },
        "sync": 0,
        "versioned_id": "coreaudio_output_capture",
        "volume": 0.0
    },
    "current_program_scene": "Black",
    "current_scene": "Black",
    "current_transition": "Fade",
    "groups": [
        {
            "balance": 0.5,
            "deinterlace_field_order": 0,
            "deinterlace_mode": 0,
            "enabled": true,
            "flags": 0,
            "hotkeys": {
                "libobs.hide_scene_item.[DA] Match Preview": [],
                "libobs.hide_scene_item.[DA] Name - P1": [],
                "libobs.hide_scene_item.[DA] Name - P2": [],
                "libobs.show_scene_item.[DA] Match Preview": [],
                "libobs.show_scene_item.[DA] Name - P1": [],
                "libobs.show_scene_item.[DA] Name - P2": []
            },
            "id": "group",
            "mixers": 0,
            "monitoring_type": 0,
            "muted": false,
            "name": "Head-To-Head",
            "prev_ver": 436273154,
            "private_settings": {},
            "push-to-mute": false,
            "push-to-mute-delay": 0,
            "push-to-talk": false,
            "push-to-talk-delay": 0,
            "settings": {
                "custom_size": true,
                "cx": 800,
                "cy": 310,
                "id_counter": 0,
                "items": [
                    {
                        "align": 5,
                        "bounds": {
                            "x": 0.0,
                            "y": 0.0
                        },
                        "bounds_align": 0,
                        "bounds_type": 0,
                        "crop_bottom": 0,
                        "crop_left": 0,
                        "crop_right": 0,
                        "crop_top": 0,
                        "group_item_backup": false,
                        "id": 1,
                        "locked": true,
                        "name": "[DA] Match Preview",
                        "pos": {
                            "x": 0.0,
                            "y": 30.0
                        },
                        "private_settings": {},
                        "rot": 0.0,
                        "scale": {
                            "x": 1.0,
                            "y": 1.0
                        },
                        "scale_filter": "disable",
                        "visible": true
                    },
                    {
                        "align": 5,
                        "bounds": {
                            "x": 1.0,
                            "y": 1.0
                        },
                        "bounds_align": 0,
                        "bounds_type": 0,
                        "crop_bottom": 0,
                        "crop_left": 0,
                        "crop_right": 0,
                        "crop_top": 0,
                        "group_item_backup": false,
                        "id": 9,
                        "locked": true,
                        "name": "[DA] Name - P2",
                        "pos": {
                            "x": 483.0,
                            "y": 0.0
                        },
                        "private_settings": {},
                        "rot": 0.0,
                        "scale": {
                            "x": 1.0,
                            "y": 1.0
                        },
                        "scale_filter": "disable",
                        "visible": true
                    },
                    {
                        "align": 5,
                        "bounds": {
                            "x": 0.0,
                            "y": 0.0
                        },
                        "bounds_align": 0,
                        "bounds_type": 0,
                        "crop_bottom": 0,
                        "crop_left": 0,
                        "crop_right": 0,
                        "crop_top": 0,
                        "group_item_backup": false,
                        "id": 3,
                        "locked": true,
                        "name": "[DA] Name - P1",
                        "pos": {
                            "x": 2.0,
                            "y": 0.0
                        },
                        "private_settings": {},
                        "rot": 0.0,
                        "scale": {
                            "x": 1.0,
                            "y": 1.0
                        },
                        "scale_filter": "disable",
                        "visible": true
                    }
                ]
            },
            "sync": 0,
            "versioned_id": "group",
            "volume": 1.0
        },
        {
            "balance": 0.5,
            "deinterlace_field_order": 0,
            "deinterlace_mode": 0,
            "enabled": true,
            "flags": 0,
            "hotkeys": {
                "libobs.hide_scene_item.Match Frame": [],
                "libobs.hide_scene_item.[DA] Best Of": [],
                "libobs.hide_scene_item.[DA] Location - P1": [],
                "libobs.hide_scene_item.[DA] Location - P2": [],
                "libobs.hide_scene_item.[DA] Scoreboard": [],
                "libobs.show_scene_item.Match Frame": [],
                "libobs.show_scene_item.[DA] Best Of": [],
                "libobs.show_scene_item.[DA] Location - P1": [],
                "libobs.show_scene_item.[DA] Location - P2": [],
                "libobs.show_scene_item.[DA] Scoreboard": []
            },
            "id": "group",
            "mixers": 0,
            "monitoring_type": 0,
            "muted": false,
            "name": "Match Framing",
            "prev_ver": 436273154,
            "private_settings": {},
            "push-to-mute": false,
            "push-to-mute-delay": 0,
            "push-to-talk": false,
            "push-to-talk-delay": 0,
            "settings": {
                "custom_size": true,
                "cx": 1280,
                "cy": 720,
                "id_counter": 0,
                "items": [
                    {
                        "align": 5,
                        "bounds": {
                            "x": 0.0,
                            "y": 0.0
                        },
                        "bounds_align": 0,
                        "bounds_type": 0,
                        "crop_bottom": 0,
                        "crop_left": 0,
                        "crop_right": 0,
                        "crop_top": 0,
                        "group_item_backup": false,
                        "id": 4,
                        "locked": true,
                        "name": "Match Frame",
                        "pos": {
                            "x": 0.0,
                            "y": 0.0
                        },
                        "private_settings": {},
                        "rot": 0.0,
                        "scale": {
                            "x": 1.0,
                            "y": 1.0
                        },
                        "scale_filter": "disable",
                        "visible": true
                    },
                    {
                        "align": 5,
                        "bounds": {
                            "x": 0.0,
                            "y": 0.0
                        },
                        "bounds_align": 0,
                        "bounds_type": 0,
                        "crop_bottom": 0,
                        "crop_left": 0,
                        "crop_right": 0,
                        "crop_top": 0,
                        "group_item_backup": false,
                        "id": 13,
                        "locked": true,
                        "name": "[DA] Best Of",
                        "pos": {
                            "x": 549.0,
                            "y": 634.0
                        },
                        "private_settings": {},
                        "rot": 0.0,
                        "scale": {
                            "x": 1.0,
                            "y": 1.0
                        },
                        "scale_filter": "disable",
                        "visible": true
                    },
                    {
                        "align": 5,
                        "bounds": {
                            "x": 1.0,
                            "y": 1.0
                        },
                        "bounds_align": 0,
                        "bounds_type": 0,
                        "crop_bottom": 0,
                        "crop_left": 0,
                        "crop_right": 0,
                        "crop_top": 0,
                        "group_item_backup": false,
                        "id": 19,
                        "locked": true,
                        "name": "[DA] Location - P2",
                        "pos": {
                            "x": 827.0,
                            "y": 670.0
                        },
                        "private_settings": {},
                        "rot": 0.0,
                        "scale": {
                            "x": 1.0,
                            "y": 1.0
                        },
                        "scale_filter": "disable",
                        "visible": true
                    },
                    {
                        "align": 5,
                        "bounds": {
                            "x": 1.0,
                            "y": 1.0
                        },
                        "bounds_align": 0,
                        "bounds_type": 0,
                        "crop_bottom": 0,
                        "crop_left": 0,
                        "crop_right": 0,
                        "crop_top": 0,
                        "group_item_backup": false,
                        "id": 18,
                        "locked": true,
                        "name": "[DA] Location - P1",
                        "pos": {
                            "x": 146.0,
                            "y": 670.0
                        },
                        "private_settings": {},
                        "rot": 0.0,
                        "scale": {
                            "x": 1.0,
                            "y": 1.0
                        },
                        "scale_filter": "disable",
                        "visible": true
                    },
                    {
                        "align": 5,
                        "bounds": {
                            "x": 0.0,
                            "y": 0.0
                        },
                        "bounds_align": 0,
                        "bounds_type": 0,
                        "crop_bottom": 0,
                        "crop_left": 0,
                        "crop_right": 0,
                        "crop_top": 0,
                        "group_item_backup": false,
                        "id": 3,
                        "locked": true,
                        "name": "[DA] Scoreboard",
                        "pos": {
                            "x": 339.0,
                            "y": 35.0
                        },
                        "private_settings": {},
                        "rot": 0.0,
                        "scale": {
                            "x": 1.0,
                            "y": 1.0
                        },
                        "scale_filter": "disable",
                        "visible": true
                    }
                ]
            },
            "sync": 0,
            "versioned_id": "group",
            "volume": 1.0
        }
    ],
    "modules": {
        "auto-scene-switcher": {
            "active": false,
            "interval": 300,
            "non_matching_scene": "",
            "switch_if_not_matching": false,
            "switches": []
        },
        "decklink_captions": {
            "source": ""
        },
        "output-timer": {
            "autoStartRecordTimer": false,
            "autoStartStreamTimer": false,
            "pauseRecordTimer": true,
            "recordTimerHours": 0,
            "recordTimerMinutes": 0,
            "recordTimerSeconds": 30,
            "streamTimerHours": 0,
            "streamTimerMinutes": 0,
            "streamTimerSeconds": 30
        },
        "scripts-tool": [
            {
                "path": "/Applications/OBS.app/Contents/Resources/data/obs-plugins/frontend-tools/scripts/countdown.lua",
                "settings": {
                    "duration": 5,
                    "reset_hotkey": [],
                    "source": "Stream Countdown",
                    "stop_text": "00:00:00"
                }
            },
            {
                "path": "/Users/matt/code/dartsatlas/broadcast.dartsatlas.com/obs_assets/darts_atlas_match.lua",
                "settings": {
                    "match_hash_id": "hQme7WXj9f40"
                }
            }
        ]
    },
    "name": "qLeague",
    "preview_locked": false,
    "quick_transitions": [
        {
            "duration": 300,
            "fade_to_black": false,
            "hotkeys": [],
            "id": 7,
            "name": "Cut"
        },
        {
            "duration": 300,
            "fade_to_black": false,
            "hotkeys": [],
            "id": 8,
            "name": "Fade"
        },
        {
            "duration": 300,
            "fade_to_black": true,
            "hotkeys": [],
            "id": 9,
            "name": "Fade"
        },
        {
            "duration": 300,
            "fade_to_black": false,
            "hotkeys": [],
            "id": 10,
            "name": "Cut"
        }
    ],
    "saved_projectors": [],
    "scaling_enabled": false,
    "scaling_level": 0,
    "scaling_off_x": 0.0,
    "scaling_off_y": 0.0,
    "scene_order": [
        {
            "name": "Preroll"
        },
        {
            "name": "Booth"
        },
        {
            "name": "Standings"
        },
        {
            "name": "Match Preview"
        },
        {
            "name": "In-Match"
        },
        {
            "name": "Match Summary"
        },
        {
            "name": "Black"
        }
    ],
    "sources": [
        {
            "balance": 0.5,
            "deinterlace_field_order": 0,
            "deinterlace_mode": 0,
            "enabled": true,
            "flags": 0,
            "hotkeys": {
                "libobs.mute": [],
                "libobs.push-to-mute": [],
                "libobs.push-to-talk": [],
                "libobs.unmute": []
            },
            "id": "ios-camera-source",
            "mixers": 255,
            "monitoring_type": 0,
            "muted": true,
            "name": "Booth Cam",
            "prev_ver": 436273154,
            "private_settings": {},
            "push-to-mute": false,
            "push-to-mute-delay": 0,
            "push-to-talk": false,
            "push-to-talk-delay": 0,
            "settings": {
                "setting_device_uuid": "9f543f987923ef1e22e83b355bc3c059a500dbc7"
            },
            "sync": 0,
            "versioned_id": "ios-camera-source",
            "volume": 1.0
        },
        {
            "balance": 0.5,
            "deinterlace_field_order": 0,
            "deinterlace_mode": 0,
            "enabled": true,
            "flags": 0,
            "hotkeys": {},
            "id": "text_ft2_source",
            "mixers": 0,
            "monitoring_type": 0,
            "muted": false,
            "name": "Stream Countdown",
            "prev_ver": 436273154,
            "private_settings": {},
            "push-to-mute": false,
            "push-to-mute-delay": 0,
            "push-to-talk": false,
            "push-to-talk-delay": 0,
            "settings": {
                "font": {
                    "face": "Play",
                    "flags": 1,
                    "size": 256,
                    "style": "Bold"
                },
                "text": "00:04:52"
            },
            "sync": 0,
            "versioned_id": "text_ft2_source_v2",
            "volume": 1.0
        },
        {
            "balance": 0.5,
            "deinterlace_field_order": 0,
            "deinterlace_mode": 0,
            "enabled": true,
            "flags": 0,
            "hotkeys": {},
            "id": "text_ft2_source",
            "mixers": 0,
            "monitoring_type": 0,
            "muted": false,
            "name": "Stream starts in...",
            "prev_ver": 436273154,
            "private_settings": {},
            "push-to-mute": false,
            "push-to-mute-delay": 0,
            "push-to-talk": false,
            "push-to-talk-delay": 0,
            "settings": {
                "font": {
                    "face": "Play",
                    "flags": 1,
                    "size": 48,
                    "style": "Bold"
                },
                "text": "Starting Soon"
            },
            "sync": 0,
            "versioned_id": "text_ft2_source_v2",
            "volume": 1.0
        },
        {
            "balance": 0.5,
            "deinterlace_field_order": 0,
            "deinterlace_mode": 0,
            "enabled": true,
            "flags": 0,
            "hotkeys": {
                "OBSBasic.SelectScene": []
            },
            "id": "scene",
            "mixers": 0,
            "monitoring_type": 0,
            "muted": false,
            "name": "Black",
            "prev_ver": 436273154,
            "private_settings": {},
            "push-to-mute": false,
            "push-to-mute-delay": 0,
            "push-to-talk": false,
            "push-to-talk-delay": 0,
            "settings": {
                "custom_size": false,
                "id_counter": 0,
                "items": []
            },
            "sync": 0,
            "versioned_id": "scene",
            "volume": 1.0
        },
        {
            "balance": 0.5,
            "deinterlace_field_order": 0,
            "deinterlace_mode": 0,
            "enabled": true,
            "flags": 0,
            "hotkeys": {
                "libobs.mute": [],
                "libobs.push-to-mute": [],
                "libobs.push-to-talk": [],
                "libobs.unmute": []
            },
            "id": "browser_source",
            "mixers": 255,
            "monitoring_type": 0,
            "muted": true,
            "name": "[DA] Name - P1",
            "prev_ver": 436273154,
            "private_settings": {},
            "push-to-mute": false,
            "push-to-mute-delay": 0,
            "push-to-talk": false,
            "push-to-talk-delay": 0,
            "settings": {
                "css": "",
                "fps": 1,
                "height": 30,
                "shutdown": false,
                "url": "https://www.dartsatlas.com/matches/hQme7WXj9f40/broadcast_name?player=1",
                "width": 300
            },
            "sync": 0,
            "versioned_id": "browser_source",
            "volume": 0.0
        },
        {
            "balance": 0.5,
            "deinterlace_field_order": 0,
            "deinterlace_mode": 0,
            "enabled": true,
            "flags": 0,
            "hotkeys": {
                "OBSBasic.SelectScene": [],
                "libobs.hide_scene_item.Booth Cam": [],
                "libobs.hide_scene_item.Booth Frame": [],
                "libobs.hide_scene_item.Head-To-Head": [],
                "libobs.show_scene_item.Booth Cam": [],
                "libobs.show_scene_item.Booth Frame": [],
                "libobs.show_scene_item.Head-To-Head": []
            },
            "id": "scene",
            "mixers": 0,
            "monitoring_type": 0,
            "muted": false,
            "name": "Match Preview",
            "prev_ver": 436273154,
            "private_settings": {},
            "push-to-mute": false,
            "push-to-mute-delay": 0,
            "push-to-talk": false,
            "push-to-talk-delay": 0,
            "settings": {
                "custom_size": false,
                "id_counter": 11,
                "items": [
                    {
                        "align": 5,
                        "bounds": {
                            "x": 0.0,
                            "y": 0.0
                        },
                        "bounds_align": 0,
                        "bounds_type": 0,
                        "crop_bottom": 0,
                        "crop_left": 0,
                        "crop_right": 0,
                        "crop_top": 0,
                        "group_item_backup": true,
                        "id": 1,
                        "locked": true,
                        "name": "[DA] Match Preview",
                        "pos": {
                            "x": 240.0,
                            "y": 414.0
                        },
                        "private_settings": {},
                        "rot": 0.0,
                        "scale": {
                            "x": 1.0,
                            "y": 1.0
                        },
                        "scale_filter": "disable",
                        "visible": true
                    },
                    {
                        "align": 5,
                        "bounds": {
                            "x": 1.0,
                            "y": 1.0
                        },
                        "bounds_align": 0,
                        "bounds_type": 0,
                        "crop_bottom": 0,
                        "crop_left": 0,
                        "crop_right": 0,
                        "crop_top": 0,
                        "group_item_backup": true,
                        "id": 9,
                        "locked": true,
                        "name": "[DA] Name - P2",
                        "pos": {
                            "x": 723.0,
                            "y": 384.0
                        },
                        "private_settings": {},
                        "rot": 0.0,
                        "scale": {
                            "x": 1.0,
                            "y": 1.0
                        },
                        "scale_filter": "disable",
                        "visible": true
                    },
                    {
                        "align": 5,
                        "bounds": {
                            "x": 0.0,
                            "y": 0.0
                        },
                        "bounds_align": 0,
                        "bounds_type": 0,
                        "crop_bottom": 0,
                        "crop_left": 0,
                        "crop_right": 0,
                        "crop_top": 0,
                        "group_item_backup": true,
                        "id": 3,
                        "locked": true,
                        "name": "[DA] Name - P1",
                        "pos": {
                            "x": 242.0,
                            "y": 384.0
                        },
                        "private_settings": {},
                        "rot": 0.0,
                        "scale": {
                            "x": 1.0,
                            "y": 1.0
                        },
                        "scale_filter": "disable",
                        "visible": true
                    },
                    {
                        "align": 5,
                        "bounds": {
                            "x": 0.0,
                            "y": 0.0
                        },
                        "bounds_align": 0,
                        "bounds_type": 0,
                        "crop_bottom": 30,
                        "crop_left": 0,
                        "crop_right": 0,
                        "crop_top": 0,
                        "group_item_backup": false,
                        "id": 10,
                        "locked": true,
                        "name": "Head-To-Head",
                        "pos": {
                            "x": 240.0,
                            "y": 384.0
                        },
                        "private_settings": {
                            "collapsed": true
                        },
                        "rot": 0.0,
                        "scale": {
                            "x": 1.0,
                            "y": 1.0
                        },
                        "scale_filter": "disable",
                        "visible": true
                    },
                    {
                        "align": 5,
                        "bounds": {
                            "x": 0.0,
                            "y": 0.0
                        },
                        "bounds_align": 0,
                        "bounds_type": 0,
                        "crop_bottom": 0,
                        "crop_left": 0,
                        "crop_right": 0,
                        "crop_top": 0,
                        "group_item_backup": false,
                        "id": 11,
                        "locked": true,
                        "name": "Booth Cam",
                        "pos": {
                            "x": 399.0,
                            "y": 94.0
                        },
                        "private_settings": {},
                        "rot": 0.0,
                        "scale": {
                            "x": 0.37656250596046448,
                            "y": 0.37638887763023376
                        },
                        "scale_filter": "disable",
                        "visible": true
                    },
                    {
                        "align": 5,
                        "bounds": {
                            "x": 0.0,
                            "y": 0.0
                        },
                        "bounds_align": 0,
                        "bounds_type": 0,
                        "crop_bottom": 0,
                        "crop_left": 0,
                        "crop_right": 0,
                        "crop_top": 0,
                        "group_item_backup": false,
                        "id": 2,
                        "locked": true,
                        "name": "Booth Frame",
                        "pos": {
                            "x": 0.0,
                            "y": 0.0
                        },
                        "private_settings": {},
                        "rot": 0.0,
                        "scale": {
                            "x": 1.0,
                            "y": 1.0
                        },
                        "scale_filter": "disable",
                        "visible": true
                    }
                ]
            },
            "sync": 0,
            "versioned_id": "scene",
            "volume": 1.0
        },
        {
            "balance": 0.5,
            "deinterlace_field_order": 0,
            "deinterlace_mode": 0,
            "enabled": true,
            "flags": 0,
            "hotkeys": {
                "libobs.mute": [],
                "libobs.push-to-mute": [],
                "libobs.push-to-talk": [],
                "libobs.unmute": []
            },
            "id": "browser_source",
            "mixers": 255,
            "monitoring_type": 0,
            "muted": true,
            "name": "[DA] Match Stats",
            "prev_ver": 436273154,
            "private_settings": {},
            "push-to-mute": false,
            "push-to-mute-delay": 0,
            "push-to-talk": false,
            "push-to-talk-delay": 0,
            "settings": {
                "css": "",
                "fps": 1,
                "height": 320,
                "restart_when_active": true,
                "url": "https://www.dartsatlas.com/matches/hQme7WXj9f40/broadcast_stats",
                "width": 600
            },
            "sync": 0,
            "versioned_id": "browser_source",
            "volume": 0.0024999999441206455
        },
        {
            "balance": 0.5,
            "deinterlace_field_order": 0,
            "deinterlace_mode": 0,
            "enabled": true,
            "flags": 0,
            "hotkeys": {
                "libobs.mute": [],
                "libobs.push-to-mute": [],
                "libobs.push-to-talk": [],
                "libobs.unmute": []
            },
            "id": "browser_source",
            "mixers": 255,
            "monitoring_type": 0,
            "muted": true,
            "name": "[DA] Match Preview",
            "prev_ver": 436273154,
            "private_settings": {},
            "push-to-mute": false,
            "push-to-mute-delay": 0,
            "push-to-talk": false,
            "push-to-talk-delay": 0,
            "settings": {
                "css": "",
                "fps": 1,
                "height": 280,
                "restart_when_active": false,
                "url": "https://www.dartsatlas.com/matches/hQme7WXj9f40/broadcast_preview",
                "width": 800
            },
            "sync": 0,
            "versioned_id": "browser_source",
            "volume": 9.9999997473787516e-5
        },
        {
            "balance": 0.5,
            "deinterlace_field_order": 0,
            "deinterlace_mode": 0,
            "enabled": true,
            "flags": 0,
            "hotkeys": {
                "libobs.mute": [],
                "libobs.push-to-mute": [],
                "libobs.push-to-talk": [],
                "libobs.unmute": []
            },
            "id": "browser_source",
            "mixers": 255,
            "monitoring_type": 0,
            "muted": true,
            "name": "[DA] Standings",
            "prev_ver": 436273154,
            "private_settings": {},
            "push-to-mute": false,
            "push-to-mute-delay": 0,
            "push-to-talk": false,
            "push-to-talk-delay": 0,
            "settings": {
                "css": "",
                "fps": 1,
                "height": 550,
                "restart_when_active": false,
                "url": "https://www.dartsatlas.com/matches/hQme7WXj9f40/season_standings",
                "width": 700
            },
            "sync": 0,
            "versioned_id": "browser_source",
            "volume": 0.0
        },
        {
            "balance": 0.5,
            "deinterlace_field_order": 0,
            "deinterlace_mode": 0,
            "enabled": true,
            "flags": 0,
            "hotkeys": {},
            "id": "image_source",
            "mixers": 0,
            "monitoring_type": 0,
            "muted": false,
            "name": "Match Frame",
            "prev_ver": 436273154,
            "private_settings": {},
            "push-to-mute": false,
            "push-to-mute-delay": 0,
            "push-to-talk": false,
            "push-to-talk-delay": 0,
            "settings": {
                "file": "/Users/matt/Documents/Livestreaming/qTour/frame-match.png"
            },
            "sync": 0,
            "versioned_id": "image_source",
            "volume": 1.0
        },
        {
            "balance": 0.5,
            "deinterlace_field_order": 0,
            "deinterlace_mode": 0,
            "enabled": true,
            "flags": 0,
            "hotkeys": {},
            "id": "image_source",
            "mixers": 0,
            "monitoring_type": 0,
            "muted": false,
            "name": "Booth Frame",
            "prev_ver": 436273154,
            "private_settings": {},
            "push-to-mute": false,
            "push-to-mute-delay": 0,
            "push-to-talk": false,
            "push-to-talk-delay": 0,
            "settings": {
                "file": "/Users/matt/Documents/Livestreaming/qTour/frame-booth.png"
            },
            "sync": 0,
            "versioned_id": "image_source",
            "volume": 1.0
        },
        {
            "balance": 0.5,
            "deinterlace_field_order": 0,
            "deinterlace_mode": 0,
            "enabled": true,
            "flags": 0,
            "hotkeys": {
                "OBSBasic.SelectScene": [],
                "libobs.hide_scene_item.Match Frame": [],
                "libobs.hide_scene_item.[DA] Location - P1": [],
                "libobs.hide_scene_item.[DA] Match Summary": [],
                "libobs.hide_scene_item.[DA] Name - P1": [],
                "libobs.hide_scene_item.[DA] Photos": [],
                "libobs.show_scene_item.Match Frame": [],
                "libobs.show_scene_item.[DA] Location - P1": [],
                "libobs.show_scene_item.[DA] Match Summary": [],
                "libobs.show_scene_item.[DA] Name - P1": [],
                "libobs.show_scene_item.[DA] Photos": []
            },
            "id": "scene",
            "mixers": 0,
            "monitoring_type": 0,
            "muted": false,
            "name": "Match Summary",
            "prev_ver": 436273154,
            "private_settings": {},
            "push-to-mute": false,
            "push-to-mute-delay": 0,
            "push-to-talk": false,
            "push-to-talk-delay": 0,
            "settings": {
                "custom_size": false,
                "id_counter": 5,
                "items": [
                    {
                        "align": 5,
                        "bounds": {
                            "x": 0.0,
                            "y": 0.0
                        },
                        "bounds_align": 0,
                        "bounds_type": 0,
                        "crop_bottom": 0,
                        "crop_left": 0,
                        "crop_right": 0,
                        "crop_top": 0,
                        "group_item_backup": false,
                        "id": 5,
                        "locked": true,
                        "name": "Match Frame",
                        "pos": {
                            "x": 0.0,
                            "y": 0.0
                        },
                        "private_settings": {},
                        "rot": 0.0,
                        "scale": {
                            "x": 1.0,
                            "y": 1.0
                        },
                        "scale_filter": "disable",
                        "visible": true
                    },
                    {
                        "align": 5,
                        "bounds": {
                            "x": 0.0,
                            "y": 0.0
                        },
                        "bounds_align": 0,
                        "bounds_type": 0,
                        "crop_bottom": 44,
                        "crop_left": 0,
                        "crop_right": 0,
                        "crop_top": 0,
                        "group_item_backup": false,
                        "id": 1,
                        "locked": true,
                        "name": "[DA] Match Summary",
                        "pos": {
                            "x": 360.0,
                            "y": 35.0
                        },
                        "private_settings": {},
                        "rot": 0.0,
                        "scale": {
                            "x": 1.0,
                            "y": 1.0
                        },
                        "scale_filter": "disable",
                        "visible": true
                    },
                    {
                        "align": 5,
                        "bounds": {
                            "x": 0.0,
                            "y": 0.0
                        },
                        "bounds_align": 0,
                        "bounds_type": 0,
                        "crop_bottom": 0,
                        "crop_left": 0,
                        "crop_right": 0,
                        "crop_top": 0,
                        "group_item_backup": false,
                        "id": 4,
                        "locked": true,
                        "name": "[DA] Photos",
                        "pos": {
                            "x": 0.0,
                            "y": 116.0
                        },
                        "private_settings": {},
                        "rot": 0.0,
                        "scale": {
                            "x": 1.0,
                            "y": 1.0
                        },
                        "scale_filter": "disable",
                        "visible": false
                    },
                    {
                        "align": 5,
                        "bounds": {
                            "x": 0.0,
                            "y": 0.0
                        },
                        "bounds_align": 0,
                        "bounds_type": 0,
                        "crop_bottom": 0,
                        "crop_left": 0,
                        "crop_right": 0,
                        "crop_top": 0,
                        "group_item_backup": false,
                        "id": 2,
                        "locked": true,
                        "name": "[DA] Location - P1",
                        "pos": {
                            "x": 0.0,
                            "y": 626.0
                        },
                        "private_settings": {},
                        "rot": 0.0,
                        "scale": {
                            "x": 1.0,
                            "y": 1.0
                        },
                        "scale_filter": "disable",
                        "visible": false
                    },
                    {
                        "align": 5,
                        "bounds": {
                            "x": 0.0,
                            "y": 0.0
                        },
                        "bounds_align": 0,
                        "bounds_type": 0,
                        "crop_bottom": 0,
                        "crop_left": 0,
                        "crop_right": 0,
                        "crop_top": 0,
                        "group_item_backup": false,
                        "id": 3,
                        "locked": true,
                        "name": "[DA] Name - P1",
                        "pos": {
                            "x": 0.0,
                            "y": 566.0
                        },
                        "private_settings": {},
                        "rot": 0.0,
                        "scale": {
                            "x": 1.0,
                            "y": 1.0
                        },
                        "scale_filter": "disable",
                        "visible": false
                    }
                ]
            },
            "sync": 0,
            "versioned_id": "scene",
            "volume": 1.0
        },
        {
            "balance": 0.5,
            "deinterlace_field_order": 0,
            "deinterlace_mode": 0,
            "enabled": true,
            "flags": 0,
            "hotkeys": {
                "OBSBasic.SelectScene": [],
                "libobs.hide_scene_item.Booth Cam": [],
                "libobs.hide_scene_item.Booth Frame": [],
                "libobs.hide_scene_item.[DA] Standings": [],
                "libobs.show_scene_item.Booth Cam": [],
                "libobs.show_scene_item.Booth Frame": [],
                "libobs.show_scene_item.[DA] Standings": []
            },
            "id": "scene",
            "mixers": 0,
            "monitoring_type": 0,
            "muted": false,
            "name": "Standings",
            "prev_ver": 436273154,
            "private_settings": {},
            "push-to-mute": false,
            "push-to-mute-delay": 0,
            "push-to-talk": false,
            "push-to-talk-delay": 0,
            "settings": {
                "custom_size": false,
                "id_counter": 6,
                "items": [
                    {
                        "align": 5,
                        "bounds": {
                            "x": 0.0,
                            "y": 0.0
                        },
                        "bounds_align": 0,
                        "bounds_type": 0,
                        "crop_bottom": 0,
                        "crop_left": 0,
                        "crop_right": 0,
                        "crop_top": 0,
                        "group_item_backup": false,
                        "id": 6,
                        "locked": true,
                        "name": "Booth Cam",
                        "pos": {
                            "x": 0.0,
                            "y": 0.0
                        },
                        "private_settings": {},
                        "rot": 0.0,
                        "scale": {
                            "x": 1.0,
                            "y": 1.0
                        },
                        "scale_filter": "disable",
                        "visible": true
                    },
                    {
                        "align": 5,
                        "bounds": {
                            "x": 0.0,
                            "y": 0.0
                        },
                        "bounds_align": 0,
                        "bounds_type": 0,
                        "crop_bottom": 80,
                        "crop_left": 0,
                        "crop_right": 0,
                        "crop_top": 0,
                        "group_item_backup": false,
                        "id": 2,
                        "locked": true,
                        "name": "[DA] Standings",
                        "pos": {
                            "x": 644.0,
                            "y": 202.0
                        },
                        "private_settings": {},
                        "rot": 0.0,
                        "scale": {
                            "x": 0.85428571701049805,
                            "y": 0.85446012020111084
                        },
                        "scale_filter": "disable",
                        "visible": true
                    },
                    {
                        "align": 5,
                        "bounds": {
                            "x": 0.0,
                            "y": 0.0
                        },
                        "bounds_align": 0,
                        "bounds_type": 0,
                        "crop_bottom": 0,
                        "crop_left": 0,
                        "crop_right": 0,
                        "crop_top": 0,
                        "group_item_backup": false,
                        "id": 1,
                        "locked": true,
                        "name": "Booth Frame",
                        "pos": {
                            "x": 0.0,
                            "y": 0.0
                        },
                        "private_settings": {},
                        "rot": 0.0,
                        "scale": {
                            "x": 1.0,
                            "y": 1.0
                        },
                        "scale_filter": "disable",
                        "visible": true
                    }
                ]
            },
            "sync": 0,
            "versioned_id": "scene",
            "volume": 1.0
        },
        {
            "balance": 0.5,
            "deinterlace_field_order": 0,
            "deinterlace_mode": 0,
            "enabled": true,
            "flags": 0,
            "hotkeys": {
                "OBSBasic.SelectScene": [],
                "libobs.hide_scene_item.Booth Cam": [],
                "libobs.hide_scene_item.Lazer Booth Frame": [],
                "libobs.show_scene_item.Booth Cam": [],
                "libobs.show_scene_item.Lazer Booth Frame": []
            },
            "id": "scene",
            "mixers": 0,
            "monitoring_type": 0,
            "muted": false,
            "name": "Booth",
            "prev_ver": 436273154,
            "private_settings": {},
            "push-to-mute": false,
            "push-to-mute-delay": 0,
            "push-to-talk": false,
            "push-to-talk-delay": 0,
            "settings": {
                "custom_size": false,
                "id_counter": 9,
                "items": [
                    {
                        "align": 5,
                        "bounds": {
                            "x": 0.0,
                            "y": 0.0
                        },
                        "bounds_align": 0,
                        "bounds_type": 0,
                        "crop_bottom": 0,
                        "crop_left": 0,
                        "crop_right": 0,
                        "crop_top": 0,
                        "group_item_backup": false,
                        "id": 6,
                        "locked": true,
                        "name": "Booth Cam",
                        "pos": {
                            "x": 0.0,
                            "y": 0.0
                        },
                        "private_settings": {},
                        "rot": 0.0,
                        "scale": {
                            "x": 1.0,
                            "y": 1.0
                        },
                        "scale_filter": "disable",
                        "visible": true
                    },
                    {
                        "align": 5,
                        "bounds": {
                            "x": 0.0,
                            "y": 0.0
                        },
                        "bounds_align": 0,
                        "bounds_type": 0,
                        "crop_bottom": 0,
                        "crop_left": 0,
                        "crop_right": 0,
                        "crop_top": 0,
                        "group_item_backup": false,
                        "id": 4,
                        "locked": true,
                        "name": "Lazer Booth Frame",
                        "pos": {
                            "x": 0.0,
                            "y": 0.0
                        },
                        "private_settings": {},
                        "rot": 0.0,
                        "scale": {
                            "x": 1.0,
                            "y": 1.0
                        },
                        "scale_filter": "disable",
                        "visible": true
                    }
                ]
            },
            "sync": 0,
            "versioned_id": "scene",
            "volume": 1.0
        },
        {
            "balance": 0.5,
            "deinterlace_field_order": 0,
            "deinterlace_mode": 0,
            "enabled": true,
            "flags": 0,
            "hotkeys": {
                "libobs.mute": [],
                "libobs.push-to-mute": [],
                "libobs.push-to-talk": [],
                "libobs.unmute": []
            },
            "id": "browser_source",
            "mixers": 255,
            "monitoring_type": 0,
            "muted": true,
            "name": "[DA] Scoreboard",
            "prev_ver": 436273154,
            "private_settings": {},
            "push-to-mute": false,
            "push-to-mute-delay": 0,
            "push-to-talk": false,
            "push-to-talk-delay": 0,
            "settings": {
                "css": "",
                "height": 100,
                "restart_when_active": true,
                "shutdown": false,
                "url": "https://www.dartsatlas.com/matches/hQme7WXj9f40/broadcast_dual_cam?theme_color=",
                "width": 600
            },
            "sync": 0,
            "versioned_id": "browser_source",
            "volume": 0.0
        },
        {
            "balance": 0.5,
            "deinterlace_field_order": 0,
            "deinterlace_mode": 0,
            "enabled": true,
            "flags": 0,
            "hotkeys": {
                "OBSBasic.SelectScene": [],
                "libobs.hide_scene_item.Match Framing": [],
                "libobs.hide_scene_item.Player 1 Board Cam": [],
                "libobs.hide_scene_item.Player 2 Board Cam": [],
                "libobs.hide_scene_item.[DA] Dart Counts": [],
                "libobs.hide_scene_item.[DA] Match Stats": [],
                "libobs.show_scene_item.Match Framing": [],
                "libobs.show_scene_item.Player 1 Board Cam": [],
                "libobs.show_scene_item.Player 2 Board Cam": [],
                "libobs.show_scene_item.[DA] Dart Counts": [],
                "libobs.show_scene_item.[DA] Match Stats": []
            },
            "id": "scene",
            "mixers": 0,
            "monitoring_type": 0,
            "muted": false,
            "name": "In-Match",
            "prev_ver": 436273154,
            "private_settings": {},
            "push-to-mute": false,
            "push-to-mute-delay": 0,
            "push-to-talk": false,
            "push-to-talk-delay": 0,
            "settings": {
                "custom_size": false,
                "id_counter": 20,
                "items": [
                    {
                        "align": 5,
                        "bounds": {
                            "x": 568.0,
                            "y": 569.0
                        },
                        "bounds_align": 0,
                        "bounds_type": 2,
                        "crop_bottom": 0,
                        "crop_left": 347,
                        "crop_right": 177,
                        "crop_top": 0,
                        "group_item_backup": false,
                        "id": 2,
                        "locked": true,
                        "name": "Player 2 Board Cam",
                        "pos": {
                            "x": 656.0,
                            "y": 87.0
                        },
                        "private_settings": {},
                        "rot": 0.0,
                        "scale": {
                            "x": 1.0,
                            "y": 1.0
                        },
                        "scale_filter": "disable",
                        "visible": true
                    },
                    {
                        "align": 5,
                        "bounds": {
                            "x": 557.0,
                            "y": 556.0
                        },
                        "bounds_align": 0,
                        "bounds_type": 2,
                        "crop_bottom": 0,
                        "crop_left": 147,
                        "crop_right": 126,
                        "crop_top": 0,
                        "group_item_backup": false,
                        "id": 1,
                        "locked": true,
                        "name": "Player 1 Board Cam",
                        "pos": {
                            "x": 65.0,
                            "y": 92.0
                        },
                        "private_settings": {},
                        "rot": 0.0,
                        "scale": {
                            "x": 1.0,
                            "y": 1.0
                        },
                        "scale_filter": "disable",
                        "visible": true
                    },
                    {
                        "align": 5,
                        "bounds": {
                            "x": 0.0,
                            "y": 0.0
                        },
                        "bounds_align": 0,
                        "bounds_type": 0,
                        "crop_bottom": 0,
                        "crop_left": 0,
                        "crop_right": 0,
                        "crop_top": 0,
                        "group_item_backup": true,
                        "id": 4,
                        "locked": true,
                        "name": "Match Frame",
                        "pos": {
                            "x": 1.0,
                            "y": 0.0
                        },
                        "private_settings": {},
                        "rot": 0.0,
                        "scale": {
                            "x": 1.0,
                            "y": 1.0
                        },
                        "scale_filter": "disable",
                        "visible": true
                    },
                    {
                        "align": 5,
                        "bounds": {
                            "x": 0.0,
                            "y": 0.0
                        },
                        "bounds_align": 0,
                        "bounds_type": 0,
                        "crop_bottom": 0,
                        "crop_left": 0,
                        "crop_right": 0,
                        "crop_top": 0,
                        "group_item_backup": true,
                        "id": 13,
                        "locked": true,
                        "name": "[DA] Best Of",
                        "pos": {
                            "x": 550.0,
                            "y": 634.0
                        },
                        "private_settings": {},
                        "rot": 0.0,
                        "scale": {
                            "x": 1.0,
                            "y": 1.0
                        },
                        "scale_filter": "disable",
                        "visible": true
                    },
                    {
                        "align": 5,
                        "bounds": {
                            "x": 1.0,
                            "y": 1.0
                        },
                        "bounds_align": 0,
                        "bounds_type": 0,
                        "crop_bottom": 0,
                        "crop_left": 0,
                        "crop_right": 0,
                        "crop_top": 0,
                        "group_item_backup": true,
                        "id": 19,
                        "locked": true,
                        "name": "[DA] Location - P2",
                        "pos": {
                            "x": 828.0,
                            "y": 670.0
                        },
                        "private_settings": {},
                        "rot": 0.0,
                        "scale": {
                            "x": 1.0,
                            "y": 1.0
                        },
                        "scale_filter": "disable",
                        "visible": true
                    },
                    {
                        "align": 5,
                        "bounds": {
                            "x": 1.0,
                            "y": 1.0
                        },
                        "bounds_align": 0,
                        "bounds_type": 0,
                        "crop_bottom": 0,
                        "crop_left": 0,
                        "crop_right": 0,
                        "crop_top": 0,
                        "group_item_backup": true,
                        "id": 18,
                        "locked": true,
                        "name": "[DA] Location - P1",
                        "pos": {
                            "x": 147.0,
                            "y": 670.0
                        },
                        "private_settings": {},
                        "rot": 0.0,
                        "scale": {
                            "x": 1.0,
                            "y": 1.0
                        },
                        "scale_filter": "disable",
                        "visible": true
                    },
                    {
                        "align": 5,
                        "bounds": {
                            "x": 0.0,
                            "y": 0.0
                        },
                        "bounds_align": 0,
                        "bounds_type": 0,
                        "crop_bottom": 0,
                        "crop_left": 0,
                        "crop_right": 0,
                        "crop_top": 0,
                        "group_item_backup": true,
                        "id": 3,
                        "locked": true,
                        "name": "[DA] Scoreboard",
                        "pos": {
                            "x": 340.0,
                            "y": 35.0
                        },
                        "private_settings": {},
                        "rot": 0.0,
                        "scale": {
                            "x": 1.0,
                            "y": 1.0
                        },
                        "scale_filter": "disable",
                        "visible": true
                    },
                    {
                        "align": 5,
                        "bounds": {
                            "x": 0.0,
                            "y": 0.0
                        },
                        "bounds_align": 0,
                        "bounds_type": 0,
                        "crop_bottom": 0,
                        "crop_left": 1,
                        "crop_right": 0,
                        "crop_top": 0,
                        "group_item_backup": false,
                        "id": 15,
                        "locked": true,
                        "name": "Match Framing",
                        "pos": {
                            "x": 1.0,
                            "y": 0.0
                        },
                        "private_settings": {
                            "collapsed": true
                        },
                        "rot": 0.0,
                        "scale": {
                            "x": 1.0,
                            "y": 1.0
                        },
                        "scale_filter": "disable",
                        "visible": true
                    },
                    {
                        "align": 5,
                        "bounds": {
                            "x": 0.0,
                            "y": 0.0
                        },
                        "bounds_align": 0,
                        "bounds_type": 0,
                        "crop_bottom": 0,
                        "crop_left": 0,
                        "crop_right": 0,
                        "crop_top": 0,
                        "group_item_backup": false,
                        "id": 6,
                        "locked": true,
                        "name": "[DA] Dart Counts",
                        "pos": {
                            "x": 540.0,
                            "y": 135.0
                        },
                        "private_settings": {},
                        "rot": 0.0,
                        "scale": {
                            "x": 1.0,
                            "y": 1.0
                        },
                        "scale_filter": "disable",
                        "visible": false
                    },
                    {
                        "align": 5,
                        "bounds": {
                            "x": 0.0,
                            "y": 0.0
                        },
                        "bounds_align": 0,
                        "bounds_type": 0,
                        "crop_bottom": 61,
                        "crop_left": 0,
                        "crop_right": 0,
                        "crop_top": 13,
                        "group_item_backup": false,
                        "id": 9,
                        "locked": true,
                        "name": "[DA] Match Stats",
                        "pos": {
                            "x": 443.0,
                            "y": 135.0
                        },
                        "private_settings": {},
                        "rot": 0.0,
                        "scale": {
                            "x": 0.65499997138977051,
                            "y": 0.65447151660919189
                        },
                        "scale_filter": "disable",
                        "visible": false
                    }
                ]
            },
            "sync": 0,
            "versioned_id": "scene",
            "volume": 1.0
        },
        {
            "balance": 0.5,
            "deinterlace_field_order": 0,
            "deinterlace_mode": 0,
            "enabled": true,
            "flags": 0,
            "hotkeys": {
                "libobs.mute": [],
                "libobs.push-to-mute": [],
                "libobs.push-to-talk": [],
                "libobs.unmute": []
            },
            "id": "ndi_source",
            "mixers": 255,
            "monitoring_type": 0,
            "muted": true,
            "name": "Player 1 Board Cam",
            "prev_ver": 436273154,
            "private_settings": {},
            "push-to-mute": false,
            "push-to-mute-delay": 0,
            "push-to-talk": false,
            "push-to-talk-delay": 0,
            "settings": {
                "ndi_fix_alpha_blending": false,
                "ndi_source_name": "MATTHEWS-MACBOOK-PRO.LOCAL (Skype - [live]gackin5)"
            },
            "sync": 0,
            "versioned_id": "ndi_source",
            "volume": 0.41869392991065979
        },
        {
            "balance": 0.5,
            "deinterlace_field_order": 0,
            "deinterlace_mode": 0,
            "enabled": true,
            "flags": 0,
            "hotkeys": {
                "libobs.mute": [],
                "libobs.push-to-mute": [],
                "libobs.push-to-talk": [],
                "libobs.unmute": []
            },
            "id": "ndi_source",
            "mixers": 255,
            "monitoring_type": 0,
            "muted": false,
            "name": "Player 2 Board Cam",
            "prev_ver": 436273154,
            "private_settings": {},
            "push-to-mute": false,
            "push-to-mute-delay": 0,
            "push-to-talk": false,
            "push-to-talk-delay": 0,
            "settings": {
                "ndi_fix_alpha_blending": false,
                "ndi_source_name": "MATTHEWS-MACBOOK-PRO.LOCAL (Skype - drweyland)"
            },
            "sync": 0,
            "versioned_id": "ndi_source",
            "volume": 0.51565396785736084
        },
        {
            "balance": 0.5,
            "deinterlace_field_order": 0,
            "deinterlace_mode": 0,
            "enabled": true,
            "flags": 0,
            "hotkeys": {
                "libobs.mute": [],
                "libobs.push-to-mute": [],
                "libobs.push-to-talk": [],
                "libobs.unmute": []
            },
            "id": "browser_source",
            "mixers": 255,
            "monitoring_type": 0,
            "muted": true,
            "name": "[DA] Match Summary",
            "prev_ver": 436273154,
            "private_settings": {},
            "push-to-mute": false,
            "push-to-mute-delay": 0,
            "push-to-talk": false,
            "push-to-talk-delay": 0,
            "settings": {
                "css": "",
                "fps": 1,
                "height": 400,
                "restart_when_active": true,
                "shutdown": false,
                "url": "https://www.dartsatlas.com/matches/hQme7WXj9f40/broadcast_summary",
                "width": 560
            },
            "sync": 0,
            "versioned_id": "browser_source",
            "volume": 0.00039999998989515007
        },
        {
            "balance": 0.5,
            "deinterlace_field_order": 0,
            "deinterlace_mode": 0,
            "enabled": true,
            "flags": 0,
            "hotkeys": {
                "libobs.mute": [],
                "libobs.push-to-mute": [],
                "libobs.push-to-talk": [],
                "libobs.unmute": []
            },
            "id": "browser_source",
            "mixers": 255,
            "monitoring_type": 0,
            "muted": true,
            "name": "[DA] Dart Counts",
            "prev_ver": 436273154,
            "private_settings": {},
            "push-to-mute": false,
            "push-to-mute-delay": 0,
            "push-to-talk": false,
            "push-to-talk-delay": 0,
            "settings": {
                "css": "",
                "fps": 1,
                "height": 500,
                "restart_when_active": true,
                "url": "https://www.dartsatlas.com/matches/hQme7WXj9f40/broadcast_dart_counts?theme_color=",
                "width": 200
            },
            "sync": 0,
            "versioned_id": "browser_source",
            "volume": 0.0015999999595806003
        },
        {
            "balance": 0.5,
            "deinterlace_field_order": 0,
            "deinterlace_mode": 0,
            "enabled": true,
            "flags": 0,
            "hotkeys": {
                "OBSBasic.SelectScene": [],
                "libobs.hide_scene_item.Booth Frame": [],
                "libobs.hide_scene_item.Spring Ads": [],
                "libobs.hide_scene_item.Stream Countdown": [],
                "libobs.hide_scene_item.Stream starts in...": [],
                "libobs.show_scene_item.Booth Frame": [],
                "libobs.show_scene_item.Spring Ads": [],
                "libobs.show_scene_item.Stream Countdown": [],
                "libobs.show_scene_item.Stream starts in...": []
            },
            "id": "scene",
            "mixers": 0,
            "monitoring_type": 0,
            "muted": false,
            "name": "Preroll",
            "prev_ver": 436273154,
            "private_settings": {},
            "push-to-mute": false,
            "push-to-mute-delay": 0,
            "push-to-talk": false,
            "push-to-talk-delay": 0,
            "settings": {
                "custom_size": false,
                "id_counter": 8,
                "items": [
                    {
                        "align": 5,
                        "bounds": {
                            "x": 0.0,
                            "y": 0.0
                        },
                        "bounds_align": 0,
                        "bounds_type": 0,
                        "crop_bottom": 0,
                        "crop_left": 0,
                        "crop_right": 0,
                        "crop_top": 0,
                        "group_item_backup": false,
                        "id": 6,
                        "locked": true,
                        "name": "Spring Ads",
                        "pos": {
                            "x": 0.0,
                            "y": 0.0
                        },
                        "private_settings": {},
                        "rot": 0.0,
                        "scale": {
                            "x": 1.0,
                            "y": 1.0
                        },
                        "scale_filter": "disable",
                        "visible": true
                    },
                    {
                        "align": 5,
                        "bounds": {
                            "x": 0.0,
                            "y": 0.0
                        },
                        "bounds_align": 0,
                        "bounds_type": 0,
                        "crop_bottom": 0,
                        "crop_left": 0,
                        "crop_right": 0,
                        "crop_top": 0,
                        "group_item_backup": false,
                        "id": 2,
                        "locked": true,
                        "name": "Booth Frame",
                        "pos": {
                            "x": 0.0,
                            "y": 0.0
                        },
                        "private_settings": {},
                        "rot": 0.0,
                        "scale": {
                            "x": 1.0,
                            "y": 1.0
                        },
                        "scale_filter": "disable",
                        "visible": true
                    },
                    {
                        "align": 5,
                        "bounds": {
                            "x": 0.0,
                            "y": 0.0
                        },
                        "bounds_align": 0,
                        "bounds_type": 0,
                        "crop_bottom": 0,
                        "crop_left": 499,
                        "crop_right": 0,
                        "crop_top": 0,
                        "group_item_backup": false,
                        "id": 8,
                        "locked": true,
                        "name": "Stream Countdown",
                        "pos": {
                            "x": 379.5,
                            "y": 242.0
                        },
                        "private_settings": {},
                        "rot": 0.0,
                        "scale": {
                            "x": 1.0,
                            "y": 1.0
                        },
                        "scale_filter": "disable",
                        "visible": false
                    },
                    {
                        "align": 5,
                        "bounds": {
                            "x": 0.0,
                            "y": 0.0
                        },
                        "bounds_align": 0,
                        "bounds_type": 0,
                        "crop_bottom": 0,
                        "crop_left": 0,
                        "crop_right": 0,
                        "crop_top": 0,
                        "group_item_backup": false,
                        "id": 4,
                        "locked": true,
                        "name": "Stream starts in...",
                        "pos": {
                            "x": 484.0,
                            "y": 30.5
                        },
                        "private_settings": {},
                        "rot": 0.0,
                        "scale": {
                            "x": 1.0,
                            "y": 1.0
                        },
                        "scale_filter": "disable",
                        "visible": true
                    }
                ]
            },
            "sync": 0,
            "versioned_id": "scene",
            "volume": 1.0
        },
        {
            "balance": 0.5,
            "deinterlace_field_order": 0,
            "deinterlace_mode": 0,
            "enabled": true,
            "flags": 0,
            "hotkeys": {
                "libobs.mute": [],
                "libobs.push-to-mute": [],
                "libobs.push-to-talk": [],
                "libobs.unmute": []
            },
            "id": "browser_source",
            "mixers": 255,
            "monitoring_type": 0,
            "muted": true,
            "name": "[DA] Photos",
            "prev_ver": 436273154,
            "private_settings": {},
            "push-to-mute": false,
            "push-to-mute-delay": 0,
            "push-to-talk": false,
            "push-to-talk-delay": 0,
            "settings": {
                "css": "",
                "fps": 1,
                "height": 250,
                "restart_when_active": false,
                "shutdown": false,
                "url": "https://www.dartsatlas.com/matches/KlDWQ5k9uLdv/broadcast_photos",
                "width": 1280
            },
            "sync": 0,
            "versioned_id": "browser_source",
            "volume": 0.0049000000581145287
        },
        {
            "balance": 0.5,
            "deinterlace_field_order": 0,
            "deinterlace_mode": 0,
            "enabled": true,
            "flags": 0,
            "hotkeys": {
                "libobs.mute": [],
                "libobs.push-to-mute": [],
                "libobs.push-to-talk": [],
                "libobs.unmute": []
            },
            "id": "browser_source",
            "mixers": 255,
            "monitoring_type": 0,
            "muted": true,
            "name": "[DA] Location - P1",
            "prev_ver": 436273154,
            "private_settings": {},
            "push-to-mute": false,
            "push-to-mute-delay": 0,
            "push-to-talk": false,
            "push-to-talk-delay": 0,
            "settings": {
                "css": "",
                "fps": 1,
                "fps_custom": true,
                "height": 30,
                "shutdown": false,
                "url": "https://www.dartsatlas.com/matches/hQme7WXj9f40/broadcast_location?player=1",
                "width": 300
            },
            "sync": 0,
            "versioned_id": "browser_source",
            "volume": 0.0015999999595806003
        },
        {
            "balance": 0.5,
            "deinterlace_field_order": 0,
            "deinterlace_mode": 0,
            "enabled": true,
            "flags": 0,
            "hotkeys": {
                "libobs.mute": [],
                "libobs.push-to-mute": [],
                "libobs.push-to-talk": [],
                "libobs.unmute": []
            },
            "id": "browser_source",
            "mixers": 255,
            "monitoring_type": 0,
            "muted": true,
            "name": "[DA] Best Of",
            "prev_ver": 436273154,
            "private_settings": {
                "mixer_hidden": true
            },
            "push-to-mute": false,
            "push-to-mute-delay": 0,
            "push-to-talk": false,
            "push-to-talk-delay": 0,
            "settings": {
                "css": "",
                "fps": 1,
                "height": 28,
                "reroute_audio": true,
                "restart_when_active": false,
                "url": "https://www.dartsatlas.com/matches/hQme7WXj9f40/broadcast_best_of",
                "width": 180
            },
            "sync": 0,
            "versioned_id": "browser_source",
            "volume": 0.044100001454353333
        },
        {
            "balance": 0.5,
            "deinterlace_field_order": 0,
            "deinterlace_mode": 0,
            "enabled": true,
            "flags": 0,
            "hotkeys": {},
            "id": "image_source",
            "mixers": 0,
            "monitoring_type": 0,
            "muted": false,
            "name": "Lazer Booth Frame",
            "prev_ver": 436273154,
            "private_settings": {},
            "push-to-mute": false,
            "push-to-mute-delay": 0,
            "push-to-talk": false,
            "push-to-talk-delay": 0,
            "settings": {
                "file": "/Users/matt/Documents/Livestreaming/qTour/frame-booth.png"
            },
            "sync": 0,
            "versioned_id": "image_source",
            "volume": 1.0
        },
        {
            "balance": 0.5,
            "deinterlace_field_order": 0,
            "deinterlace_mode": 0,
            "enabled": true,
            "flags": 0,
            "hotkeys": {
                "MediaSource.Pause": [],
                "MediaSource.Play": [],
                "MediaSource.Restart": [],
                "MediaSource.Stop": [],
                "libobs.mute": [],
                "libobs.push-to-mute": [],
                "libobs.push-to-talk": [],
                "libobs.unmute": []
            },
            "id": "ffmpeg_source",
            "mixers": 255,
            "monitoring_type": 0,
            "muted": true,
            "name": "Spring Ads",
            "prev_ver": 436273154,
            "private_settings": {},
            "push-to-mute": false,
            "push-to-mute-delay": 0,
            "push-to-talk": false,
            "push-to-talk-delay": 0,
            "settings": {
                "clear_on_media_end": false,
                "close_when_inactive": false,
                "local_file": "/Users/matt/Documents/Livestreaming/qLeague/Spring 2021 City League Ads.mp4",
                "looping": true
            },
            "sync": 0,
            "versioned_id": "ffmpeg_source",
            "volume": 1.0
        },
        {
            "balance": 0.5,
            "deinterlace_field_order": 0,
            "deinterlace_mode": 0,
            "enabled": true,
            "flags": 0,
            "hotkeys": {
                "libobs.mute": [],
                "libobs.push-to-mute": [],
                "libobs.push-to-talk": [],
                "libobs.unmute": []
            },
            "id": "browser_source",
            "mixers": 255,
            "monitoring_type": 0,
            "muted": false,
            "name": "[DA] Location - P2",
            "prev_ver": 436273154,
            "private_settings": {},
            "push-to-mute": false,
            "push-to-mute-delay": 0,
            "push-to-talk": false,
            "push-to-talk-delay": 0,
            "settings": {
                "css": "",
                "fps": 1,
                "fps_custom": true,
                "height": 30,
                "url": "https://www.dartsatlas.com/matches/hQme7WXj9f40/broadcast_location?player=2",
                "width": 300
            },
            "sync": 0,
            "versioned_id": "browser_source",
            "volume": 1.0
        },
        {
            "balance": 0.5,
            "deinterlace_field_order": 0,
            "deinterlace_mode": 0,
            "enabled": true,
            "flags": 0,
            "hotkeys": {
                "libobs.mute": [],
                "libobs.push-to-mute": [],
                "libobs.push-to-talk": [],
                "libobs.unmute": []
            },
            "id": "browser_source",
            "mixers": 255,
            "monitoring_type": 0,
            "muted": false,
            "name": "[DA] Name - P2",
            "prev_ver": 436273154,
            "private_settings": {},
            "push-to-mute": false,
            "push-to-mute-delay": 0,
            "push-to-talk": false,
            "push-to-talk-delay": 0,
            "settings": {
                "css": "",
                "fps": 1,
                "fps_custom": true,
                "height": 30,
                "url": "https://www.dartsatlas.com/matches/hQme7WXj9f40/broadcast_name?player=2",
                "width": 300
            },
            "sync": 0,
            "versioned_id": "browser_source",
            "volume": 1.0
        }
    ],
    "transition_duration": 300,
    "transitions": []
}