{
    "current_program_scene": "Summary",
    "current_scene": "Summary",
    "current_transition": "Fade",
    "groups": [
        {
            "balance": 0.5,
            "deinterlace_field_order": 0,
            "deinterlace_mode": 0,
            "enabled": true,
            "flags": 0,
            "hotkeys": {},
            "id": "group",
            "mixers": 0,
            "monitoring_type": 0,
            "muted": false,
            "name": "Static Assets",
            "prev_ver": 436273154,
            "private_settings": {},
            "push-to-mute": false,
            "push-to-mute-delay": 0,
            "push-to-talk": false,
            "push-to-talk-delay": 0,
            "settings": {
                "custom_size": true,
                "cx": 1049,
                "cy": 639,
                "id_counter": 0,
                "items": [
                    {
                        "align": 5,
                        "bounds": {
                            "x": 1.0,
                            "y": 1.0
                        },
                        "bounds_align": 0,
                        "bounds_type": 0,
                        "crop_bottom": 0,
                        "crop_left": 0,
                        "crop_right": 0,
                        "crop_top": 0,
                        "group_item_backup": false,
                        "id": 5,
                        "locked": true,
                        "name": "[DA] Location - P2",
                        "pos": {
                            "x": 520.0,
                            "y": 609.0
                        },
                        "private_settings": {},
                        "rot": 0.0,
                        "scale": {
                            "x": 1.0,
                            "y": 1.0
                        },
                        "scale_filter": "disable",
                        "visible": true
                    },
                    {
                        "align": 5,
                        "bounds": {
                            "x": 1.0,
                            "y": 1.0
                        },
                        "bounds_align": 0,
                        "bounds_type": 0,
                        "crop_bottom": 0,
                        "crop_left": 0,
                        "crop_right": 0,
                        "crop_top": 0,
                        "group_item_backup": false,
                        "id": 4,
                        "locked": true,
                        "name": "[DA] Location - P1",
                        "pos": {
                            "x": 0.0,
                            "y": 609.0
                        },
                        "private_settings": {},
                        "rot": 0.0,
                        "scale": {
                            "x": 1.0,
                            "y": 1.0
                        },
                        "scale_filter": "disable",
                        "visible": true
                    },
                    {
                        "align": 5,
                        "bounds": {
                            "x": 0.0,
                            "y": 0.0
                        },
                        "bounds_align": 0,
                        "bounds_type": 0,
                        "crop_bottom": 0,
                        "crop_left": 0,
                        "crop_right": 0,
                        "crop_top": 0,
                        "group_item_backup": false,
                        "id": 1,
                        "locked": true,
                        "name": "[DA] Event Name",
                        "pos": {
                            "x": 813.0,
                            "y": 0.0
                        },
                        "private_settings": {},
                        "rot": 0.0,
                        "scale": {
                            "x": 1.0,
                            "y": 1.0
                        },
                        "scale_filter": "disable",
                        "visible": true
                    },
                    {
                        "align": 5,
                        "bounds": {
                            "x": 1.0,
                            "y": 1.0
                        },
                        "bounds_align": 0,
                        "bounds_type": 0,
                        "crop_bottom": 0,
                        "crop_left": 0,
                        "crop_right": 0,
                        "crop_top": 0,
                        "group_item_backup": false,
                        "id": 3,
                        "locked": true,
                        "name": "[DA] Scoreboard",
                        "pos": {
                            "x": 154.0,
                            "y": 43.0
                        },
                        "private_settings": {},
                        "rot": 0.0,
                        "scale": {
                            "x": 1.0,
                            "y": 1.0
                        },
                        "scale_filter": "disable",
                        "visible": true
                    }
                ]
            },
            "sync": 0,
            "versioned_id": "group",
            "volume": 1.0
        },
        {
            "balance": 0.5,
            "deinterlace_field_order": 0,
            "deinterlace_mode": 0,
            "enabled": true,
            "flags": 0,
            "hotkeys": {},
            "id": "group",
            "mixers": 0,
            "monitoring_type": 0,
            "muted": false,
            "name": "Board Cams",
            "prev_ver": 436273154,
            "private_settings": {},
            "push-to-mute": false,
            "push-to-mute-delay": 0,
            "push-to-talk": false,
            "push-to-talk-delay": 0,
            "settings": {
                "custom_size": true,
                "cx": 0,
                "cy": 0,
                "id_counter": 0,
                "items": []
            },
            "sync": 0,
            "versioned_id": "group",
            "volume": 1.0
        }
    ],
    "modules": {
        "auto-scene-switcher": {
            "active": false,
            "interval": 300,
            "non_matching_scene": "",
            "switch_if_not_matching": false,
            "switches": []
        },
        "decklink_captions": {
            "source": ""
        },
        "output-timer": {
            "autoStartRecordTimer": false,
            "autoStartStreamTimer": false,
            "pauseRecordTimer": true,
            "recordTimerHours": 0,
            "recordTimerMinutes": 0,
            "recordTimerSeconds": 30,
            "streamTimerHours": 0,
            "streamTimerMinutes": 0,
            "streamTimerSeconds": 30
        },
        "scripts-tool": [
            {
                "path": "/Applications/OBS.app/Contents/Resources/data/obs-plugins/frontend-tools/scripts/countdown.lua",
                "settings": {
                    "duration": 5,
                    "reset_hotkey": [],
                    "source": "Stream Countdown",
                    "stop_text": "00:00:00"
                }
            },
            {
                "path": "/Users/matt/code/dartsatlas/broadcast.dartsatlas.com/obs_assets/darts_atlas_match.lua",
                "settings": {
                    "match_hash_id": "BBhNsdfSgNEF"
                }
            }
        ]
    },
    "name": "PGO Live",
    "preview_locked": false,
    "quick_transitions": [
        {
            "duration": 300,
            "fade_to_black": false,
            "hotkeys": [],
            "id": 11,
            "name": "Cut"
        },
        {
            "duration": 300,
            "fade_to_black": false,
            "hotkeys": [],
            "id": 12,
            "name": "Fade"
        },
        {
            "duration": 300,
            "fade_to_black": true,
            "hotkeys": [],
            "id": 13,
            "name": "Fade"
        }
    ],
    "saved_projectors": [],
    "scaling_enabled": false,
    "scaling_level": 0,
    "scaling_off_x": 0.0,
    "scaling_off_y": 0.0,
    "scene_order": [
        {
            "name": "Streaming Soon"
        },
        {
            "name": "Pre-Roll"
        },
        {
            "name": "Match"
        },
        {
            "name": "Summary"
        }
    ],
    "sources": [
        {
            "balance": 0.5,
            "deinterlace_field_order": 0,
            "deinterlace_mode": 0,
            "enabled": true,
            "flags": 0,
            "hotkeys": {
                "libobs.mute": [],
                "libobs.push-to-mute": [],
                "libobs.push-to-talk": [],
                "libobs.unmute": []
            },
            "id": "browser_source",
            "mixers": 255,
            "monitoring_type": 0,
            "muted": false,
            "name": "[DA] Dart Counts",
            "prev_ver": 436273154,
            "private_settings": {},
            "push-to-mute": false,
            "push-to-mute-delay": 0,
            "push-to-talk": false,
            "push-to-talk-delay": 0,
            "settings": {
                "css": "",
                "fps": 1,
                "fps_custom": true,
                "height": 460,
                "restart_when_active": false,
                "url": "https://staging.dartsatlas.com/matches/UZGNdRTi34Q8/broadcast_dart_counts",
                "width": 210
            },
            "sync": 0,
            "versioned_id": "browser_source",
            "volume": 1.0
        },
        {
            "balance": 0.5,
            "deinterlace_field_order": 0,
            "deinterlace_mode": 0,
            "enabled": true,
            "flags": 0,
            "hotkeys": {
                "libobs.mute": [],
                "libobs.push-to-mute": [],
                "libobs.push-to-talk": [],
                "libobs.unmute": []
            },
            "id": "browser_source",
            "mixers": 255,
            "monitoring_type": 0,
            "muted": false,
            "name": "[DA] Match Stats",
            "prev_ver": 436273154,
            "private_settings": {},
            "push-to-mute": false,
            "push-to-mute-delay": 0,
            "push-to-talk": false,
            "push-to-talk-delay": 0,
            "settings": {
                "css": "",
                "fps": 1,
                "fps_custom": true,
                "height": 240,
                "restart_when_active": false,
                "url": "https://staging.dartsatlas.com/matches/UZGNdRTi34Q8/broadcast_stats",
                "width": 500
            },
            "sync": 0,
            "versioned_id": "browser_source",
            "volume": 1.0
        },
        {
            "balance": 0.5,
            "deinterlace_field_order": 0,
            "deinterlace_mode": 0,
            "enabled": true,
            "flags": 0,
            "hotkeys": {},
            "id": "image_source",
            "mixers": 0,
            "monitoring_type": 0,
            "muted": false,
            "name": "Full Frame",
            "prev_ver": 436273154,
            "private_settings": {},
            "push-to-mute": false,
            "push-to-mute-delay": 0,
            "push-to-talk": false,
            "push-to-talk-delay": 0,
            "settings": {
                "file": "/Users/matt/Documents/Livestreaming/PGO Live Streams/frame-full.png"
            },
            "sync": 0,
            "versioned_id": "image_source",
            "volume": 1.0
        },
        {
            "balance": 0.5,
            "deinterlace_field_order": 0,
            "deinterlace_mode": 0,
            "enabled": true,
            "flags": 0,
            "hotkeys": {
                "libobs.mute": [],
                "libobs.push-to-mute": [],
                "libobs.push-to-talk": [],
                "libobs.unmute": []
            },
            "id": "browser_source",
            "mixers": 255,
            "monitoring_type": 0,
            "muted": false,
            "name": "[DA] Match Summary",
            "prev_ver": 436273154,
            "private_settings": {},
            "push-to-mute": false,
            "push-to-mute-delay": 0,
            "push-to-talk": false,
            "push-to-talk-delay": 0,
            "settings": {
                "css": "",
                "fps": 1,
                "fps_custom": true,
                "height": 400,
                "restart_when_active": true,
                "width": 600
            },
            "sync": 0,
            "versioned_id": "browser_source",
            "volume": 1.0
        },
        {
            "balance": 0.5,
            "deinterlace_field_order": 0,
            "deinterlace_mode": 0,
            "enabled": true,
            "flags": 0,
            "hotkeys": {},
            "id": "image_source",
            "mixers": 0,
            "monitoring_type": 0,
            "muted": false,
            "name": "Booth Frame",
            "prev_ver": 436273154,
            "private_settings": {},
            "push-to-mute": false,
            "push-to-mute-delay": 0,
            "push-to-talk": false,
            "push-to-talk-delay": 0,
            "settings": {
                "file": "/Users/matt/Documents/Livestreaming/PGO Live Streams/frame-booth.png"
            },
            "sync": 0,
            "versioned_id": "image_source",
            "volume": 1.0
        },
        {
            "balance": 0.5,
            "deinterlace_field_order": 0,
            "deinterlace_mode": 0,
            "enabled": true,
            "flags": 0,
            "hotkeys": {
                "OBSBasic.SelectScene": [],
                "libobs.hide_scene_item.Booth Frame": [],
                "libobs.hide_scene_item.[DA] Match Summary": [],
                "libobs.show_scene_item.Booth Frame": [],
                "libobs.show_scene_item.[DA] Match Summary": []
            },
            "id": "scene",
            "mixers": 0,
            "monitoring_type": 0,
            "muted": false,
            "name": "Summary",
            "prev_ver": 436273154,
            "private_settings": {},
            "push-to-mute": false,
            "push-to-mute-delay": 0,
            "push-to-talk": false,
            "push-to-talk-delay": 0,
            "settings": {
                "custom_size": false,
                "id_counter": 2,
                "items": [
                    {
                        "align": 5,
                        "bounds": {
                            "x": 0.0,
                            "y": 0.0
                        },
                        "bounds_align": 0,
                        "bounds_type": 0,
                        "crop_bottom": 0,
                        "crop_left": 0,
                        "crop_right": 0,
                        "crop_top": 0,
                        "group_item_backup": false,
                        "id": 1,
                        "locked": true,
                        "name": "Booth Frame",
                        "pos": {
                            "x": 0.0,
                            "y": 0.0
                        },
                        "private_settings": {},
                        "rot": 0.0,
                        "scale": {
                            "x": 1.0,
                            "y": 1.0
                        },
                        "scale_filter": "disable",
                        "visible": false
                    },
                    {
                        "align": 5,
                        "bounds": {
                            "x": 0.0,
                            "y": 0.0
                        },
                        "bounds_align": 0,
                        "bounds_type": 0,
                        "crop_bottom": 0,
                        "crop_left": 0,
                        "crop_right": 0,
                        "crop_top": 0,
                        "group_item_backup": false,
                        "id": 2,
                        "locked": true,
                        "name": "[DA] Match Summary",
                        "pos": {
                            "x": 548.0,
                            "y": 152.0
                        },
                        "private_settings": {},
                        "rot": 0.0,
                        "scale": {
                            "x": 1.0,
                            "y": 1.0
                        },
                        "scale_filter": "disable",
                        "visible": false
                    }
                ]
            },
            "sync": 0,
            "versioned_id": "scene",
            "volume": 1.0
        },
        {
            "balance": 0.5,
            "deinterlace_field_order": 0,
            "deinterlace_mode": 0,
            "enabled": true,
            "filters": [
                {
                    "balance": 0.5,
                    "deinterlace_field_order": 0,
                    "deinterlace_mode": 0,
                    "enabled": true,
                    "flags": 0,
                    "hotkeys": {},
                    "id": "scroll_filter",
                    "mixers": 0,
                    "monitoring_type": 0,
                    "muted": false,
                    "name": "Scroll",
                    "prev_ver": 436273154,
                    "private_settings": {},
                    "push-to-mute": false,
                    "push-to-mute-delay": 0,
                    "push-to-talk": false,
                    "push-to-talk-delay": 0,
                    "settings": {
                        "cx": 940,
                        "limit_cx": true,
                        "speed_x": 69.0
                    },
                    "sync": 0,
                    "versioned_id": "scroll_filter",
                    "volume": 1.0
                }
            ],
            "flags": 0,
            "hotkeys": {},
            "id": "text_ft2_source",
            "mixers": 0,
            "monitoring_type": 0,
            "muted": false,
            "name": "Scrolling Footer",
            "prev_ver": 436273154,
            "private_settings": {},
            "push-to-mute": false,
            "push-to-mute-delay": 0,
            "push-to-talk": false,
            "push-to-talk-delay": 0,
            "settings": {
                "font": {
                    "face": "Silom",
                    "flags": 1,
                    "size": 18,
                    "style": "Regular"
                },
                "text": " ................ You're Watching PGO Live: Bringing Home Darts To The Screen ... Subscribe at YouTube.com/PGOLive ................ Thanks for tuning in! Your host is \"Badger\" Julian Haynes ................ Upcoming PGO Live Streams: MAD Torridge Open (May 2 at 10am GMT) ~ MAD England Knights Spring Invitational (June 20 June 13 at 12:30pm GMT) ~ Learn more at EnglandKnights.com ................ Thanks to our Sponsors: Darts Atlas (DartsAtlas.com) ~ Torridge Builders (TorridgeBuilding.co.uk) ~ Inside The WDF (InsideTheWDF.PodBean.com) ................ Join one of the many leagues around the world playing darts online ... North America: Quarantine League Darts (CityLeagueDarts.com) ~ FODL (FODartLeague.com) ... Europe: City League Israel (twitter.com/hasidaneeman) ... United Kingdom: Bang Average League (BangAverageLeague.com) ~ The GDL (GDL180.co.uk) ~ The IDL (TheIDL.co.uk)"
            },
            "sync": 0,
            "versioned_id": "text_ft2_source_v2",
            "volume": 1.0
        },
        {
            "balance": 0.5,
            "deinterlace_field_order": 0,
            "deinterlace_mode": 0,
            "enabled": true,
            "flags": 0,
            "hotkeys": {
                "libobs.mute": [],
                "libobs.push-to-mute": [],
                "libobs.push-to-talk": [],
                "libobs.unmute": []
            },
            "id": "browser_source",
            "mixers": 255,
            "monitoring_type": 0,
            "muted": false,
            "name": "[DA] Location - P2",
            "prev_ver": 436273154,
            "private_settings": {},
            "push-to-mute": false,
            "push-to-mute-delay": 0,
            "push-to-talk": false,
            "push-to-talk-delay": 0,
            "settings": {
                "css": "",
                "fps": 1,
                "fps_custom": true,
                "height": 30,
                "width": 500
            },
            "sync": 0,
            "versioned_id": "browser_source",
            "volume": 1.0
        },
        {
            "balance": 0.5,
            "deinterlace_field_order": 0,
            "deinterlace_mode": 0,
            "enabled": true,
            "flags": 0,
            "hotkeys": {
                "libobs.mute": [],
                "libobs.push-to-mute": [],
                "libobs.push-to-talk": [],
                "libobs.unmute": []
            },
            "id": "browser_source",
            "mixers": 255,
            "monitoring_type": 0,
            "muted": false,
            "name": "[DA] Location - P1",
            "prev_ver": 436273154,
            "private_settings": {},
            "push-to-mute": false,
            "push-to-mute-delay": 0,
            "push-to-talk": false,
            "push-to-talk-delay": 0,
            "settings": {
                "css": "",
                "fps": 1,
                "fps_custom": true,
                "height": 30,
                "reroute_audio": false,
                "width": 500
            },
            "sync": 0,
            "versioned_id": "browser_source",
            "volume": 1.0
        },
        {
            "balance": 0.5,
            "deinterlace_field_order": 0,
            "deinterlace_mode": 0,
            "enabled": true,
            "flags": 0,
            "hotkeys": {
                "MediaSource.Pause": [],
                "MediaSource.Play": [],
                "MediaSource.Restart": [],
                "MediaSource.Stop": [],
                "libobs.mute": [],
                "libobs.push-to-mute": [],
                "libobs.push-to-talk": [],
                "libobs.unmute": []
            },
            "id": "ffmpeg_source",
            "mixers": 255,
            "monitoring_type": 0,
            "muted": false,
            "name": "Intro Video",
            "prev_ver": 436273154,
            "private_settings": {},
            "push-to-mute": false,
            "push-to-mute-delay": 0,
            "push-to-talk": false,
            "push-to-talk-delay": 0,
            "settings": {},
            "sync": 0,
            "versioned_id": "ffmpeg_source",
            "volume": 1.0
        },
        {
            "balance": 0.5,
            "deinterlace_field_order": 0,
            "deinterlace_mode": 0,
            "enabled": true,
            "flags": 0,
            "hotkeys": {
                "OBSBasic.SelectScene": [],
                "libobs.hide_scene_item.Intro Video": [],
                "libobs.show_scene_item.Intro Video": []
            },
            "id": "scene",
            "mixers": 0,
            "monitoring_type": 0,
            "muted": false,
            "name": "Pre-Roll",
            "prev_ver": 436273154,
            "private_settings": {},
            "push-to-mute": false,
            "push-to-mute-delay": 0,
            "push-to-talk": false,
            "push-to-talk-delay": 0,
            "settings": {
                "custom_size": false,
                "id_counter": 1,
                "items": [
                    {
                        "align": 5,
                        "bounds": {
                            "x": 0.0,
                            "y": 0.0
                        },
                        "bounds_align": 0,
                        "bounds_type": 0,
                        "crop_bottom": 0,
                        "crop_left": 0,
                        "crop_right": 0,
                        "crop_top": 0,
                        "group_item_backup": false,
                        "id": 1,
                        "locked": true,
                        "name": "Intro Video",
                        "pos": {
                            "x": 0.0,
                            "y": 0.0
                        },
                        "private_settings": {},
                        "rot": 0.0,
                        "scale": {
                            "x": 1.0,
                            "y": 1.0
                        },
                        "scale_filter": "disable",
                        "visible": true
                    }
                ]
            },
            "sync": 0,
            "versioned_id": "scene",
            "volume": 1.0
        },
        {
            "balance": 0.5,
            "deinterlace_field_order": 0,
            "deinterlace_mode": 0,
            "enabled": true,
            "flags": 0,
            "hotkeys": {
                "OBSBasic.SelectScene": [],
                "libobs.hide_scene_item.Board Cams": [],
                "libobs.hide_scene_item.Match Frame": [],
                "libobs.hide_scene_item.Scrolling Footer": [],
                "libobs.hide_scene_item.Static Assets": [],
                "libobs.hide_scene_item.[DA] Dart Counts": [],
                "libobs.hide_scene_item.[DA] Event Name": [],
                "libobs.hide_scene_item.[DA] Location - P1": [],
                "libobs.hide_scene_item.[DA] Location - P2": [],
                "libobs.hide_scene_item.[DA] Match Stats": [],
                "libobs.hide_scene_item.[DA] Scoreboard": [],
                "libobs.show_scene_item.Board Cams": [],
                "libobs.show_scene_item.Match Frame": [],
                "libobs.show_scene_item.Scrolling Footer": [],
                "libobs.show_scene_item.Static Assets": [],
                "libobs.show_scene_item.[DA] Dart Counts": [],
                "libobs.show_scene_item.[DA] Event Name": [],
                "libobs.show_scene_item.[DA] Location - P1": [],
                "libobs.show_scene_item.[DA] Location - P2": [],
                "libobs.show_scene_item.[DA] Match Stats": [],
                "libobs.show_scene_item.[DA] Scoreboard": []
            },
            "id": "scene",
            "mixers": 0,
            "monitoring_type": 0,
            "muted": false,
            "name": "Match",
            "prev_ver": 436273154,
            "private_settings": {},
            "push-to-mute": false,
            "push-to-mute-delay": 0,
            "push-to-talk": false,
            "push-to-talk-delay": 0,
            "settings": {
                "custom_size": false,
                "id_counter": 10,
                "items": [
                    {
                        "align": 5,
                        "bounds": {
                            "x": 0.0,
                            "y": 0.0
                        },
                        "bounds_align": 0,
                        "bounds_type": 0,
                        "crop_bottom": 0,
                        "crop_left": 0,
                        "crop_right": 0,
                        "crop_top": 0,
                        "group_item_backup": false,
                        "id": 7,
                        "locked": true,
                        "name": "Board Cams",
                        "pos": {
                            "x": 0.0,
                            "y": 0.0
                        },
                        "private_settings": {
                            "collapsed": true
                        },
                        "rot": 0.0,
                        "scale": {
                            "x": 1.0,
                            "y": 1.0
                        },
                        "scale_filter": "disable",
                        "visible": false
                    },
                    {
                        "align": 5,
                        "bounds": {
                            "x": 0.0,
                            "y": 0.0
                        },
                        "bounds_align": 0,
                        "bounds_type": 0,
                        "crop_bottom": 0,
                        "crop_left": 0,
                        "crop_right": 0,
                        "crop_top": 0,
                        "group_item_backup": false,
                        "id": 2,
                        "locked": true,
                        "name": "Match Frame",
                        "pos": {
                            "x": 0.0,
                            "y": 0.0
                        },
                        "private_settings": {},
                        "rot": 0.0,
                        "scale": {
                            "x": 1.0,
                            "y": 1.0
                        },
                        "scale_filter": "disable",
                        "visible": true
                    },
                    {
                        "align": 5,
                        "bounds": {
                            "x": 0.0,
                            "y": 0.0
                        },
                        "bounds_align": 0,
                        "bounds_type": 0,
                        "crop_bottom": 0,
                        "crop_left": 0,
                        "crop_right": 0,
                        "crop_top": 0,
                        "group_item_backup": false,
                        "id": 6,
                        "locked": true,
                        "name": "Scrolling Footer",
                        "pos": {
                            "x": 241.0,
                            "y": 688.0
                        },
                        "private_settings": {},
                        "rot": 0.0,
                        "scale": {
                            "x": 1.0,
                            "y": 1.0
                        },
                        "scale_filter": "disable",
                        "visible": true
                    },
                    {
                        "align": 5,
                        "bounds": {
                            "x": 1.0,
                            "y": 1.0
                        },
                        "bounds_align": 0,
                        "bounds_type": 0,
                        "crop_bottom": 0,
                        "crop_left": 0,
                        "crop_right": 0,
                        "crop_top": 0,
                        "group_item_backup": true,
                        "id": 5,
                        "locked": true,
                        "name": "[DA] Location - P2",
                        "pos": {
                            "x": 651.0,
                            "y": 630.0
                        },
                        "private_settings": {},
                        "rot": 0.0,
                        "scale": {
                            "x": 1.0,
                            "y": 1.0
                        },
                        "scale_filter": "disable",
                        "visible": true
                    },
                    {
                        "align": 5,
                        "bounds": {
                            "x": 1.0,
                            "y": 1.0
                        },
                        "bounds_align": 0,
                        "bounds_type": 0,
                        "crop_bottom": 0,
                        "crop_left": 0,
                        "crop_right": 0,
                        "crop_top": 0,
                        "group_item_backup": true,
                        "id": 4,
                        "locked": true,
                        "name": "[DA] Location - P1",
                        "pos": {
                            "x": 131.0,
                            "y": 630.0
                        },
                        "private_settings": {},
                        "rot": 0.0,
                        "scale": {
                            "x": 1.0,
                            "y": 1.0
                        },
                        "scale_filter": "disable",
                        "visible": true
                    },
                    {
                        "align": 5,
                        "bounds": {
                            "x": 0.0,
                            "y": 0.0
                        },
                        "bounds_align": 0,
                        "bounds_type": 0,
                        "crop_bottom": 0,
                        "crop_left": 0,
                        "crop_right": 0,
                        "crop_top": 0,
                        "group_item_backup": true,
                        "id": 1,
                        "locked": true,
                        "name": "[DA] Event Name",
                        "pos": {
                            "x": 944.0,
                            "y": 21.0
                        },
                        "private_settings": {},
                        "rot": 0.0,
                        "scale": {
                            "x": 1.0,
                            "y": 1.0
                        },
                        "scale_filter": "disable",
                        "visible": true
                    },
                    {
                        "align": 5,
                        "bounds": {
                            "x": 1.0,
                            "y": 1.0
                        },
                        "bounds_align": 0,
                        "bounds_type": 0,
                        "crop_bottom": 0,
                        "crop_left": 0,
                        "crop_right": 0,
                        "crop_top": 0,
                        "group_item_backup": true,
                        "id": 3,
                        "locked": true,
                        "name": "[DA] Scoreboard",
                        "pos": {
                            "x": 285.0,
                            "y": 64.0
                        },
                        "private_settings": {},
                        "rot": 0.0,
                        "scale": {
                            "x": 1.0,
                            "y": 1.0
                        },
                        "scale_filter": "disable",
                        "visible": true
                    },
                    {
                        "align": 5,
                        "bounds": {
                            "x": 0.0,
                            "y": 0.0
                        },
                        "bounds_align": 0,
                        "bounds_type": 0,
                        "crop_bottom": 0,
                        "crop_left": 0,
                        "crop_right": 0,
                        "crop_top": 0,
                        "group_item_backup": false,
                        "id": 10,
                        "locked": true,
                        "name": "Static Assets",
                        "pos": {
                            "x": 131.0,
                            "y": 21.0
                        },
                        "private_settings": {
                            "collapsed": true
                        },
                        "rot": 0.0,
                        "scale": {
                            "x": 1.0,
                            "y": 1.0
                        },
                        "scale_filter": "disable",
                        "visible": true
                    },
                    {
                        "align": 5,
                        "bounds": {
                            "x": 1.0,
                            "y": 1.0
                        },
                        "bounds_align": 0,
                        "bounds_type": 0,
                        "crop_bottom": 0,
                        "crop_left": 0,
                        "crop_right": 0,
                        "crop_top": 0,
                        "group_item_backup": false,
                        "id": 8,
                        "locked": true,
                        "name": "[DA] Match Stats",
                        "pos": {
                            "x": 390.0,
                            "y": 102.0
                        },
                        "private_settings": {},
                        "rot": 0.0,
                        "scale": {
                            "x": 1.0,
                            "y": 1.0
                        },
                        "scale_filter": "disable",
                        "visible": false
                    },
                    {
                        "align": 5,
                        "bounds": {
                            "x": 1.0,
                            "y": 1.0
                        },
                        "bounds_align": 0,
                        "bounds_type": 0,
                        "crop_bottom": 0,
                        "crop_left": 0,
                        "crop_right": 0,
                        "crop_top": 0,
                        "group_item_backup": false,
                        "id": 9,
                        "locked": true,
                        "name": "[DA] Dart Counts",
                        "pos": {
                            "x": 535.0,
                            "y": 102.0
                        },
                        "private_settings": {},
                        "rot": 0.0,
                        "scale": {
                            "x": 1.0,
                            "y": 1.0
                        },
                        "scale_filter": "disable",
                        "visible": false
                    }
                ]
            },
            "sync": 0,
            "versioned_id": "scene",
            "volume": 1.0
        },
        {
            "balance": 0.5,
            "deinterlace_field_order": 0,
            "deinterlace_mode": 0,
            "enabled": true,
            "flags": 0,
            "hotkeys": {
                "OBSBasic.SelectScene": [],
                "libobs.hide_scene_item.Full Frame": [],
                "libobs.show_scene_item.Full Frame": []
            },
            "id": "scene",
            "mixers": 0,
            "monitoring_type": 0,
            "muted": false,
            "name": "Streaming Soon",
            "prev_ver": 436273154,
            "private_settings": {},
            "push-to-mute": false,
            "push-to-mute-delay": 0,
            "push-to-talk": false,
            "push-to-talk-delay": 0,
            "settings": {
                "custom_size": false,
                "id_counter": 2,
                "items": [
                    {
                        "align": 5,
                        "bounds": {
                            "x": 0.0,
                            "y": 0.0
                        },
                        "bounds_align": 0,
                        "bounds_type": 0,
                        "crop_bottom": 0,
                        "crop_left": 0,
                        "crop_right": 0,
                        "crop_top": 0,
                        "group_item_backup": false,
                        "id": 2,
                        "locked": true,
                        "name": "Full Frame",
                        "pos": {
                            "x": 0.0,
                            "y": 0.0
                        },
                        "private_settings": {},
                        "rot": 0.0,
                        "scale": {
                            "x": 1.0,
                            "y": 1.0
                        },
                        "scale_filter": "disable",
                        "visible": true
                    }
                ]
            },
            "sync": 0,
            "versioned_id": "scene",
            "volume": 1.0
        },
        {
            "balance": 0.5,
            "deinterlace_field_order": 0,
            "deinterlace_mode": 0,
            "enabled": true,
            "flags": 0,
            "hotkeys": {},
            "id": "text_ft2_source",
            "mixers": 0,
            "monitoring_type": 0,
            "muted": false,
            "name": "[DA] Event Name",
            "prev_ver": 436273154,
            "private_settings": {},
            "push-to-mute": false,
            "push-to-mute-delay": 0,
            "push-to-talk": false,
            "push-to-talk-delay": 0,
            "settings": {
                "color1": 4294703731,
                "color2": 4294702751,
                "font": {
                    "face": "Malayalam MN",
                    "flags": 1,
                    "size": 24,
                    "style": "Bold"
                },
                "text": "MAD Torridge Open"
            },
            "sync": 0,
            "versioned_id": "text_ft2_source_v2",
            "volume": 1.0
        },
        {
            "balance": 0.5,
            "deinterlace_field_order": 0,
            "deinterlace_mode": 0,
            "enabled": true,
            "flags": 0,
            "hotkeys": {},
            "id": "image_source",
            "mixers": 0,
            "monitoring_type": 0,
            "muted": false,
            "name": "Match Frame",
            "prev_ver": 436273154,
            "private_settings": {},
            "push-to-mute": false,
            "push-to-mute-delay": 0,
            "push-to-talk": false,
            "push-to-talk-delay": 0,
            "settings": {
                "file": "/Users/matt/Documents/Livestreaming/PGO Live Streams/frame-match.png"
            },
            "sync": 0,
            "versioned_id": "image_source",
            "volume": 1.0
        },
        {
            "balance": 0.5,
            "deinterlace_field_order": 0,
            "deinterlace_mode": 0,
            "enabled": true,
            "flags": 0,
            "hotkeys": {
                "libobs.mute": [],
                "libobs.push-to-mute": [],
                "libobs.push-to-talk": [],
                "libobs.unmute": []
            },
            "id": "browser_source",
            "mixers": 255,
            "monitoring_type": 0,
            "muted": false,
            "name": "[DA] Scoreboard",
            "prev_ver": 436273154,
            "private_settings": {},
            "push-to-mute": false,
            "push-to-mute-delay": 0,
            "push-to-talk": false,
            "push-to-talk-delay": 0,
            "settings": {
                "css": "#broadcast_wrapper .x01-dual-cam > div.throwing > .names, #broadcast_wrapper .x01-dual-cam > div.throwing > span > .required {\nbackground-color:  #93f9f9 !important;\ncolor: #222 !important;\n}",
                "height": 90,
                "restart_when_active": true,
                "url": "https://staging.dartsatlas.com/matches/UZGNdRTi34Q8/broadcast_dual_cam",
                "width": 710
            },
            "sync": 0,
            "versioned_id": "browser_source",
            "volume": 1.0
        }
    ],
    "transition_duration": 300,
    "transitions": []
}