{
    "AuxAudioDevice1": {
        "balance": 0.5,
        "deinterlace_field_order": 0,
        "deinterlace_mode": 0,
        "enabled": true,
        "flags": 0,
        "hotkeys": {
            "libobs.mute": [],
            "libobs.push-to-mute": [],
            "libobs.push-to-talk": [],
            "libobs.unmute": []
        },
        "id": "coreaudio_input_capture",
        "mixers": 255,
        "monitoring_type": 0,
        "muted": true,
        "name": "Desktop",
        "prev_ver": 436273154,
        "private_settings": {},
        "push-to-mute": false,
        "push-to-mute-delay": 0,
        "push-to-talk": false,
        "push-to-talk-delay": 0,
        "settings": {
            "device_id": "SoundflowerEngine:0"
        },
        "sync": 0,
        "versioned_id": "coreaudio_input_capture",
        "volume": 0.55854874849319458
    },
    "AuxAudioDevice2": {
        "balance": 0.5,
        "deinterlace_field_order": 0,
        "deinterlace_mode": 0,
        "enabled": true,
        "flags": 0,
        "hotkeys": {
            "libobs.mute": [],
            "libobs.push-to-mute": [],
            "libobs.push-to-talk": [],
            "libobs.unmute": []
        },
        "id": "coreaudio_input_capture",
        "mixers": 255,
        "monitoring_type": 0,
        "muted": false,
        "name": "Mic/Aux 2",
        "prev_ver": 436273154,
        "private_settings": {},
        "push-to-mute": false,
        "push-to-mute-delay": 0,
        "push-to-talk": false,
        "push-to-talk-delay": 0,
        "settings": {
            "device_id": "AppleUSBAudioEngine:Antlion Audio:Antlion USB Microphone:130000:1"
        },
        "sync": 0,
        "versioned_id": "coreaudio_input_capture",
        "volume": 0.60216367244720459
    },
    "current_program_scene": "In-Match",
    "current_scene": "In-Match",
    "current_transition": "Fade",
    "groups": [
        {
            "balance": 0.5,
            "deinterlace_field_order": 0,
            "deinterlace_mode": 0,
            "enabled": true,
            "flags": 0,
            "hotkeys": {
                "libobs.hide_scene_item.[DA] Match Summary": [],
                "libobs.hide_scene_item.[DA] Name - P1": [],
                "libobs.hide_scene_item.[DA] Name - P2": [],
                "libobs.show_scene_item.[DA] Match Summary": [],
                "libobs.show_scene_item.[DA] Name - P1": [],
                "libobs.show_scene_item.[DA] Name - P2": []
            },
            "id": "group",
            "mixers": 0,
            "monitoring_type": 0,
            "muted": false,
            "name": "Group",
            "prev_ver": 436273154,
            "private_settings": {},
            "push-to-mute": false,
            "push-to-mute-delay": 0,
            "push-to-talk": false,
            "push-to-talk-delay": 0,
            "settings": {
                "custom_size": true,
                "cx": 660,
                "cy": 376,
                "id_counter": 0,
                "items": [
                    {
                        "align": 5,
                        "bounds": {
                            "x": 0.0,
                            "y": 0.0
                        },
                        "bounds_align": 0,
                        "bounds_type": 0,
                        "crop_bottom": 55,
                        "crop_left": 0,
                        "crop_right": 0,
                        "crop_top": 0,
                        "group_item_backup": false,
                        "id": 1,
                        "locked": false,
                        "name": "[DA] Match Summary",
                        "pos": {
                            "x": 29.0,
                            "y": 31.0
                        },
                        "private_settings": {},
                        "rot": 0.0,
                        "scale": {
                            "x": 1.0,
                            "y": 1.0
                        },
                        "scale_filter": "disable",
                        "visible": true
                    },
                    {
                        "align": 5,
                        "bounds": {
                            "x": 0.0,
                            "y": 0.0
                        },
                        "bounds_align": 0,
                        "bounds_type": 0,
                        "crop_bottom": 0,
                        "crop_left": 0,
                        "crop_right": 0,
                        "crop_top": 0,
                        "group_item_backup": false,
                        "id": 10,
                        "locked": true,
                        "name": "[DA] Name - P2",
                        "pos": {
                            "x": 360.0,
                            "y": 3.0
                        },
                        "private_settings": {},
                        "rot": 0.0,
                        "scale": {
                            "x": 1.0,
                            "y": 1.0
                        },
                        "scale_filter": "disable",
                        "visible": true
                    },
                    {
                        "align": 5,
                        "bounds": {
                            "x": 0.0,
                            "y": 0.0
                        },
                        "bounds_align": 0,
                        "bounds_type": 0,
                        "crop_bottom": 0,
                        "crop_left": 0,
                        "crop_right": 0,
                        "crop_top": 0,
                        "group_item_backup": false,
                        "id": 3,
                        "locked": true,
                        "name": "[DA] Name - P1",
                        "pos": {
                            "x": 0.0,
                            "y": 0.0
                        },
                        "private_settings": {},
                        "rot": 0.0,
                        "scale": {
                            "x": 1.0,
                            "y": 1.0
                        },
                        "scale_filter": "disable",
                        "visible": true
                    }
                ]
            },
            "sync": 0,
            "versioned_id": "group",
            "volume": 1.0
        },
        {
            "balance": 0.5,
            "deinterlace_field_order": 0,
            "deinterlace_mode": 0,
            "enabled": true,
            "flags": 0,
            "hotkeys": {
                "libobs.hide_scene_item.Match Frame": [],
                "libobs.hide_scene_item.Scrolling Text": [],
                "libobs.hide_scene_item.[DA] Best Of": [],
                "libobs.hide_scene_item.[DA] Location - P1": [],
                "libobs.hide_scene_item.[DA] Location - P2": [],
                "libobs.hide_scene_item.[DA] Scoreboard": [],
                "libobs.show_scene_item.Match Frame": [],
                "libobs.show_scene_item.Scrolling Text": [],
                "libobs.show_scene_item.[DA] Best Of": [],
                "libobs.show_scene_item.[DA] Location - P1": [],
                "libobs.show_scene_item.[DA] Location - P2": [],
                "libobs.show_scene_item.[DA] Scoreboard": []
            },
            "id": "group",
            "mixers": 0,
            "monitoring_type": 0,
            "muted": false,
            "name": "Match Framing",
            "prev_ver": 436273154,
            "private_settings": {},
            "push-to-mute": false,
            "push-to-mute-delay": 0,
            "push-to-talk": false,
            "push-to-talk-delay": 0,
            "settings": {
                "custom_size": true,
                "cx": 1280,
                "cy": 720,
                "id_counter": 0,
                "items": [
                    {
                        "align": 5,
                        "bounds": {
                            "x": 0.0,
                            "y": 0.0
                        },
                        "bounds_align": 0,
                        "bounds_type": 0,
                        "crop_bottom": 0,
                        "crop_left": 0,
                        "crop_right": 0,
                        "crop_top": 0,
                        "group_item_backup": false,
                        "id": 4,
                        "locked": true,
                        "name": "Match Frame",
                        "pos": {
                            "x": 0.0,
                            "y": 0.0
                        },
                        "private_settings": {},
                        "rot": 0.0,
                        "scale": {
                            "x": 1.0,
                            "y": 1.0
                        },
                        "scale_filter": "disable",
                        "visible": true
                    },
                    {
                        "align": 5,
                        "bounds": {
                            "x": 1.0,
                            "y": 1.0
                        },
                        "bounds_align": 0,
                        "bounds_type": 0,
                        "crop_bottom": 0,
                        "crop_left": 0,
                        "crop_right": 0,
                        "crop_top": 0,
                        "group_item_backup": false,
                        "id": 20,
                        "locked": true,
                        "name": "Scrolling Text",
                        "pos": {
                            "x": 301.0,
                            "y": 685.0
                        },
                        "private_settings": {},
                        "rot": 0.0,
                        "scale": {
                            "x": 1.0,
                            "y": 1.0
                        },
                        "scale_filter": "disable",
                        "visible": true
                    },
                    {
                        "align": 5,
                        "bounds": {
                            "x": 0.0,
                            "y": 0.0
                        },
                        "bounds_align": 0,
                        "bounds_type": 0,
                        "crop_bottom": 0,
                        "crop_left": 0,
                        "crop_right": 0,
                        "crop_top": 0,
                        "group_item_backup": false,
                        "id": 19,
                        "locked": true,
                        "name": "[DA] Location - P2",
                        "pos": {
                            "x": 791.0,
                            "y": 609.0
                        },
                        "private_settings": {},
                        "rot": 0.0,
                        "scale": {
                            "x": 1.0,
                            "y": 1.0
                        },
                        "scale_filter": "disable",
                        "visible": true
                    },
                    {
                        "align": 5,
                        "bounds": {
                            "x": 0.0,
                            "y": 0.0
                        },
                        "bounds_align": 0,
                        "bounds_type": 0,
                        "crop_bottom": 0,
                        "crop_left": 0,
                        "crop_right": 0,
                        "crop_top": 0,
                        "group_item_backup": false,
                        "id": 16,
                        "locked": true,
                        "name": "[DA] Location - P1",
                        "pos": {
                            "x": 284.0,
                            "y": 612.0
                        },
                        "private_settings": {},
                        "rot": 0.0,
                        "scale": {
                            "x": 1.0,
                            "y": 1.0
                        },
                        "scale_filter": "disable",
                        "visible": true
                    },
                    {
                        "align": 5,
                        "bounds": {
                            "x": 0.0,
                            "y": 0.0
                        },
                        "bounds_align": 0,
                        "bounds_type": 0,
                        "crop_bottom": 0,
                        "crop_left": 0,
                        "crop_right": 0,
                        "crop_top": 0,
                        "group_item_backup": false,
                        "id": 13,
                        "locked": true,
                        "name": "[DA] Best Of",
                        "pos": {
                            "x": 655.0,
                            "y": 587.0
                        },
                        "private_settings": {},
                        "rot": 0.0,
                        "scale": {
                            "x": 1.0,
                            "y": 1.0
                        },
                        "scale_filter": "disable",
                        "visible": true
                    },
                    {
                        "align": 5,
                        "bounds": {
                            "x": 0.0,
                            "y": 0.0
                        },
                        "bounds_align": 0,
                        "bounds_type": 0,
                        "crop_bottom": 0,
                        "crop_left": 0,
                        "crop_right": 0,
                        "crop_top": 0,
                        "group_item_backup": false,
                        "id": 3,
                        "locked": true,
                        "name": "[DA] Scoreboard",
                        "pos": {
                            "x": 435.0,
                            "y": 41.0
                        },
                        "private_settings": {},
                        "rot": 0.0,
                        "scale": {
                            "x": 1.0,
                            "y": 1.0
                        },
                        "scale_filter": "disable",
                        "visible": true
                    }
                ]
            },
            "sync": 0,
            "versioned_id": "group",
            "volume": 1.0
        }
    ],
    "modules": {
        "auto-scene-switcher": {
            "active": false,
            "interval": 300,
            "non_matching_scene": "",
            "switch_if_not_matching": false,
            "switches": []
        },
        "decklink_captions": {
            "source": ""
        },
        "output-timer": {
            "autoStartRecordTimer": false,
            "autoStartStreamTimer": false,
            "pauseRecordTimer": true,
            "recordTimerHours": 0,
            "recordTimerMinutes": 0,
            "recordTimerSeconds": 30,
            "streamTimerHours": 0,
            "streamTimerMinutes": 0,
            "streamTimerSeconds": 30
        },
        "scripts-tool": []
    },
    "name": "Bang Average Template",
    "preview_locked": false,
    "quick_transitions": [
        {
            "duration": 300,
            "fade_to_black": false,
            "hotkeys": [],
            "id": 7,
            "name": "Cut"
        },
        {
            "duration": 300,
            "fade_to_black": false,
            "hotkeys": [],
            "id": 8,
            "name": "Fade"
        },
        {
            "duration": 300,
            "fade_to_black": true,
            "hotkeys": [],
            "id": 9,
            "name": "Fade"
        },
        {
            "duration": 300,
            "fade_to_black": false,
            "hotkeys": [],
            "id": 10,
            "name": "Cut"
        }
    ],
    "saved_projectors": [],
    "scaling_enabled": false,
    "scaling_level": 0,
    "scaling_off_x": 0.0,
    "scaling_off_y": 0.0,
    "scene_order": [
        {
            "name": "Streaming Soon"
        },
        {
            "name": "Returning Soon"
        },
        {
            "name": "Standings"
        },
        {
            "name": "Match Preview"
        },
        {
            "name": "In-Match"
        },
        {
            "name": "Match Summary"
        },
        {
            "name": "Black"
        }
    ],
    "sources": [
        {
            "balance": 0.5,
            "deinterlace_field_order": 0,
            "deinterlace_mode": 0,
            "enabled": true,
            "flags": 0,
            "hotkeys": {},
            "id": "color_source",
            "mixers": 0,
            "monitoring_type": 0,
            "muted": false,
            "name": "Color Source 2",
            "prev_ver": 436273154,
            "private_settings": {},
            "push-to-mute": false,
            "push-to-mute-delay": 0,
            "push-to-talk": false,
            "push-to-talk-delay": 0,
            "settings": {
                "color": 4283895306
            },
            "sync": 0,
            "versioned_id": "color_source_v3",
            "volume": 1.0
        },
        {
            "balance": 0.5,
            "deinterlace_field_order": 0,
            "deinterlace_mode": 0,
            "enabled": true,
            "filters": [
                {
                    "balance": 0.5,
                    "deinterlace_field_order": 0,
                    "deinterlace_mode": 0,
                    "enabled": true,
                    "flags": 0,
                    "hotkeys": {},
                    "id": "scroll_filter",
                    "mixers": 0,
                    "monitoring_type": 0,
                    "muted": false,
                    "name": "Scroll",
                    "prev_ver": 436273154,
                    "private_settings": {},
                    "push-to-mute": false,
                    "push-to-mute-delay": 0,
                    "push-to-talk": false,
                    "push-to-talk-delay": 0,
                    "settings": {
                        "cx": 920,
                        "limit_cx": true,
                        "speed_x": 110.0
                    },
                    "sync": 0,
                    "versioned_id": "scroll_filter",
                    "volume": 1.0
                }
            ],
            "flags": 0,
            "hotkeys": {},
            "id": "text_ft2_source",
            "mixers": 0,
            "monitoring_type": 0,
            "muted": false,
            "name": "Scrolling Text",
            "prev_ver": 436273154,
            "private_settings": {},
            "push-to-mute": false,
            "push-to-mute-delay": 0,
            "push-to-talk": false,
            "push-to-talk-delay": 0,
            "settings": {
                "color1": 4283829763,
                "color2": 4283829763,
                "font": {
                    "face": "PT Serif",
                    "flags": 1,
                    "size": 24,
                    "style": "Bold"
                },
                "text": "        ........        Welcome to the Bang Average League! Check out league tables, results, stats, and more at BangAverageLeague.com.        ........        Looking for dynamite darts content? Alex and Burton have you covered. Check out The Weekly Dartscast at WeeklyDartscast.com.        ........        Tune in to the Inside The WDF Podcast to stay up-to-date with all the latest news from the World Darts Federation and the world of amateur darts. Listen at InsideTheWDF.podbean.com.        ........        Darts Atlas is the easiest way to run dart leagues and tournaments.  Join for free at DartsAtlas.com. Sign up if you love the darts!        "
            },
            "sync": 0,
            "versioned_id": "text_ft2_source_v2",
            "volume": 1.0
        },
        {
            "balance": 0.5,
            "deinterlace_field_order": 0,
            "deinterlace_mode": 0,
            "enabled": true,
            "flags": 0,
            "hotkeys": {
                "libobs.mute": [],
                "libobs.push-to-mute": [],
                "libobs.push-to-talk": [],
                "libobs.unmute": []
            },
            "id": "ios-camera-source",
            "mixers": 255,
            "monitoring_type": 0,
            "muted": true,
            "name": "Booth Camera",
            "prev_ver": 436273154,
            "private_settings": {
                "mixer_hidden": false
            },
            "push-to-mute": false,
            "push-to-mute-delay": 0,
            "push-to-talk": false,
            "push-to-talk-delay": 0,
            "settings": {
                "setting_device_uuid": "9f543f987923ef1e22e83b355bc3c059a500dbc7"
            },
            "sync": 0,
            "versioned_id": "ios-camera-source",
            "volume": 1.0
        },
        {
            "balance": 0.5,
            "deinterlace_field_order": 0,
            "deinterlace_mode": 0,
            "enabled": true,
            "flags": 0,
            "hotkeys": {
                "libobs.mute": [],
                "libobs.push-to-mute": [],
                "libobs.push-to-talk": [],
                "libobs.unmute": []
            },
            "id": "browser_source",
            "mixers": 255,
            "monitoring_type": 0,
            "muted": true,
            "name": "[DA] Best Of",
            "prev_ver": 436273154,
            "private_settings": {
                "mixer_hidden": true
            },
            "push-to-mute": false,
            "push-to-mute-delay": 0,
            "push-to-talk": false,
            "push-to-talk-delay": 0,
            "settings": {
                "css": "",
                "fps": 1,
                "height": 28,
                "reroute_audio": true,
                "restart_when_active": false,
                "url": "https://www.dartsatlas.com/matches/R7VMBlFswd1B/broadcast_best_of",
                "width": 160
            },
            "sync": 0,
            "versioned_id": "browser_source",
            "volume": 0.0
        },
        {
            "balance": 0.5,
            "deinterlace_field_order": 0,
            "deinterlace_mode": 0,
            "enabled": true,
            "flags": 0,
            "hotkeys": {
                "libobs.mute": [],
                "libobs.push-to-mute": [],
                "libobs.push-to-talk": [],
                "libobs.unmute": []
            },
            "id": "browser_source",
            "mixers": 255,
            "monitoring_type": 0,
            "muted": true,
            "name": "[DA] Location - P1",
            "prev_ver": 436273154,
            "private_settings": {
                "mixer_hidden": true
            },
            "push-to-mute": false,
            "push-to-mute-delay": 0,
            "push-to-talk": false,
            "push-to-talk-delay": 0,
            "settings": {
                "css": "html { background-image: none; background-color: transparent; }\n#broadcast_location h1:first-child { text-align: left; }\n#broadcast_location h1:last-child { text-align: right; }\n#broadcast_location h1 { color: #061163; font-family: \"PT Serif\"; font-weight: bold; }",
                "fps": 1,
                "fps_custom": true,
                "height": 30,
                "shutdown": false,
                "url": "https://www.dartsatlas.com/matches/R7VMBlFswd1B/broadcast_location?player=1",
                "width": 400
            },
            "sync": 0,
            "versioned_id": "browser_source",
            "volume": 0.0015999999595806003
        },
        {
            "balance": 0.5,
            "deinterlace_field_order": 0,
            "deinterlace_mode": 0,
            "enabled": true,
            "flags": 0,
            "hotkeys": {
                "OBSBasic.SelectScene": [],
                "libobs.hide_scene_item.Booth Frame": [],
                "libobs.hide_scene_item.Color Source 2": [],
                "libobs.hide_scene_item.Hold Text": [],
                "libobs.hide_scene_item.Scrolling Text": [],
                "libobs.show_scene_item.Booth Frame": [],
                "libobs.show_scene_item.Color Source 2": [],
                "libobs.show_scene_item.Hold Text": [],
                "libobs.show_scene_item.Scrolling Text": []
            },
            "id": "scene",
            "mixers": 0,
            "monitoring_type": 0,
            "muted": false,
            "name": "Streaming Soon",
            "prev_ver": 436273154,
            "private_settings": {},
            "push-to-mute": false,
            "push-to-mute-delay": 0,
            "push-to-talk": false,
            "push-to-talk-delay": 0,
            "settings": {
                "custom_size": false,
                "id_counter": 11,
                "items": [
                    {
                        "align": 0,
                        "bounds": {
                            "x": 1.0,
                            "y": 1.0
                        },
                        "bounds_align": 0,
                        "bounds_type": 0,
                        "crop_bottom": 0,
                        "crop_left": 0,
                        "crop_right": 0,
                        "crop_top": 0,
                        "group_item_backup": false,
                        "id": 10,
                        "locked": true,
                        "name": "Color Source 2",
                        "pos": {
                            "x": 747.0,
                            "y": 372.0
                        },
                        "private_settings": {},
                        "rot": 0.0,
                        "scale": {
                            "x": 0.51979166269302368,
                            "y": 0.51944446563720703
                        },
                        "scale_filter": "disable",
                        "visible": true
                    },
                    {
                        "align": 5,
                        "bounds": {
                            "x": 0.0,
                            "y": 0.0
                        },
                        "bounds_align": 0,
                        "bounds_type": 0,
                        "crop_bottom": 0,
                        "crop_left": 0,
                        "crop_right": 0,
                        "crop_top": 0,
                        "group_item_backup": false,
                        "id": 2,
                        "locked": true,
                        "name": "Booth Frame",
                        "pos": {
                            "x": 0.0,
                            "y": 0.0
                        },
                        "private_settings": {},
                        "rot": 0.0,
                        "scale": {
                            "x": 1.0,
                            "y": 1.0
                        },
                        "scale_filter": "disable",
                        "visible": true
                    },
                    {
                        "align": 5,
                        "bounds": {
                            "x": 0.0,
                            "y": 0.0
                        },
                        "bounds_align": 0,
                        "bounds_type": 0,
                        "crop_bottom": 0,
                        "crop_left": 0,
                        "crop_right": 0,
                        "crop_top": 0,
                        "group_item_backup": false,
                        "id": 7,
                        "locked": true,
                        "name": "Hold Text",
                        "pos": {
                            "x": 461.0,
                            "y": 304.0
                        },
                        "private_settings": {},
                        "rot": 0.0,
                        "scale": {
                            "x": 1.0,
                            "y": 1.0
                        },
                        "scale_filter": "disable",
                        "visible": true
                    },
                    {
                        "align": 5,
                        "bounds": {
                            "x": 1.0,
                            "y": 1.0
                        },
                        "bounds_align": 0,
                        "bounds_type": 0,
                        "crop_bottom": 0,
                        "crop_left": 0,
                        "crop_right": 0,
                        "crop_top": 0,
                        "group_item_backup": false,
                        "id": 9,
                        "locked": true,
                        "name": "Scrolling Text",
                        "pos": {
                            "x": 301.0,
                            "y": 685.0
                        },
                        "private_settings": {},
                        "rot": 0.0,
                        "scale": {
                            "x": 1.0,
                            "y": 1.0
                        },
                        "scale_filter": "disable",
                        "visible": true
                    }
                ]
            },
            "sync": 0,
            "versioned_id": "scene",
            "volume": 1.0
        },
        {
            "balance": 0.5,
            "deinterlace_field_order": 0,
            "deinterlace_mode": 0,
            "enabled": true,
            "flags": 0,
            "hotkeys": {
                "libobs.mute": [],
                "libobs.push-to-mute": [],
                "libobs.push-to-talk": [],
                "libobs.unmute": []
            },
            "id": "browser_source",
            "mixers": 255,
            "monitoring_type": 0,
            "muted": true,
            "name": "[DA] Dart Counts",
            "prev_ver": 436273154,
            "private_settings": {
                "mixer_hidden": true
            },
            "push-to-mute": false,
            "push-to-mute-delay": 0,
            "push-to-talk": false,
            "push-to-talk-delay": 0,
            "settings": {
                "css": "#match-broadcast-darts-count { border: none; }\n.leg-throws-summary li.won {\nbackground-color: #535689 !important;\n}",
                "fps": 1,
                "height": 500,
                "restart_when_active": false,
                "url": "https://www.dartsatlas.com/matches/R7VMBlFswd1B/broadcast_dart_counts?theme_color=97B2AF",
                "width": 200
            },
            "sync": 0,
            "versioned_id": "browser_source",
            "volume": 0.006399999838322401
        },
        {
            "balance": 0.5,
            "deinterlace_field_order": 0,
            "deinterlace_mode": 0,
            "enabled": true,
            "flags": 0,
            "hotkeys": {
                "libobs.mute": [],
                "libobs.push-to-mute": [],
                "libobs.push-to-talk": [],
                "libobs.unmute": []
            },
            "id": "browser_source",
            "mixers": 255,
            "monitoring_type": 0,
            "muted": true,
            "name": "[DA] Match Summary",
            "prev_ver": 436273154,
            "private_settings": {},
            "push-to-mute": false,
            "push-to-mute-delay": 0,
            "push-to-talk": false,
            "push-to-talk-delay": 0,
            "settings": {
                "css": "",
                "fps": 1,
                "height": 400,
                "restart_when_active": true,
                "shutdown": false,
                "url": "https://www.dartsatlas.com/matches/R7VMBlFswd1B/broadcast_summary",
                "width": 600
            },
            "sync": 0,
            "versioned_id": "browser_source",
            "volume": 0.0015999999595806003
        },
        {
            "balance": 0.5,
            "deinterlace_field_order": 0,
            "deinterlace_mode": 0,
            "enabled": true,
            "flags": 0,
            "hotkeys": {
                "libobs.mute": [],
                "libobs.push-to-mute": [],
                "libobs.push-to-talk": [],
                "libobs.unmute": []
            },
            "id": "ndi_source",
            "mixers": 255,
            "monitoring_type": 0,
            "muted": true,
            "name": "Player 2 Board Cam",
            "prev_ver": 436273154,
            "private_settings": {},
            "push-to-mute": false,
            "push-to-mute-delay": 0,
            "push-to-talk": false,
            "push-to-talk-delay": 0,
            "settings": {
                "ndi_fix_alpha_blending": false,
                "ndi_source_name": "MATTHEWS-MACBOOK-PRO.LOCAL (Skype - [live]burkepad)",
                "ndi_sync": 1
            },
            "sync": 0,
            "versioned_id": "ndi_source",
            "volume": 0.0
        },
        {
            "balance": 0.5,
            "deinterlace_field_order": 0,
            "deinterlace_mode": 0,
            "enabled": true,
            "flags": 0,
            "hotkeys": {
                "libobs.mute": [],
                "libobs.push-to-mute": [],
                "libobs.push-to-talk": [],
                "libobs.unmute": []
            },
            "id": "ndi_source",
            "mixers": 255,
            "monitoring_type": 0,
            "muted": false,
            "name": "Player 1 Board Cam",
            "prev_ver": 436273154,
            "private_settings": {},
            "push-to-mute": false,
            "push-to-mute-delay": 0,
            "push-to-talk": false,
            "push-to-talk-delay": 0,
            "settings": {
                "ndi_fix_alpha_blending": false,
                "ndi_source_name": "MATTHEWS-MACBOOK-PRO.LOCAL (Skype - [live] cid 96a4e496b784d1e)",
                "ndi_sync": 1
            },
            "sync": 0,
            "versioned_id": "ndi_source",
            "volume": 0.63171350955963135
        },
        {
            "balance": 0.5,
            "deinterlace_field_order": 0,
            "deinterlace_mode": 0,
            "enabled": true,
            "flags": 0,
            "hotkeys": {
                "OBSBasic.SelectScene": [],
                "libobs.hide_scene_item.Match Framing": [],
                "libobs.hide_scene_item.Player 1 Board Cam": [],
                "libobs.hide_scene_item.Player 2 Board Cam": [],
                "libobs.hide_scene_item.[DA] Dart Counts": [],
                "libobs.hide_scene_item.[DA] Match Stats": [],
                "libobs.hide_scene_item.[DA] Standings": [],
                "libobs.show_scene_item.Match Framing": [],
                "libobs.show_scene_item.Player 1 Board Cam": [],
                "libobs.show_scene_item.Player 2 Board Cam": [],
                "libobs.show_scene_item.[DA] Dart Counts": [],
                "libobs.show_scene_item.[DA] Match Stats": [],
                "libobs.show_scene_item.[DA] Standings": []
            },
            "id": "scene",
            "mixers": 0,
            "monitoring_type": 0,
            "muted": false,
            "name": "In-Match",
            "prev_ver": 436273154,
            "private_settings": {},
            "push-to-mute": false,
            "push-to-mute-delay": 0,
            "push-to-talk": false,
            "push-to-talk-delay": 0,
            "settings": {
                "custom_size": false,
                "id_counter": 22,
                "items": [
                    {
                        "align": 5,
                        "bounds": {
                            "x": 477.0,
                            "y": 478.0
                        },
                        "bounds_align": 0,
                        "bounds_type": 2,
                        "crop_bottom": 0,
                        "crop_left": 137,
                        "crop_right": 137,
                        "crop_top": 0,
                        "group_item_backup": false,
                        "id": 2,
                        "locked": true,
                        "name": "Player 2 Board Cam",
                        "pos": {
                            "x": 736.0,
                            "y": 118.0
                        },
                        "private_settings": {},
                        "rot": 0.0,
                        "scale": {
                            "x": 1.0,
                            "y": 1.0
                        },
                        "scale_filter": "disable",
                        "visible": true
                    },
                    {
                        "align": 5,
                        "bounds": {
                            "x": 484.0,
                            "y": 482.0
                        },
                        "bounds_align": 0,
                        "bounds_type": 2,
                        "crop_bottom": 0,
                        "crop_left": 178,
                        "crop_right": 93,
                        "crop_top": 0,
                        "group_item_backup": false,
                        "id": 1,
                        "locked": true,
                        "name": "Player 1 Board Cam",
                        "pos": {
                            "x": 252.0,
                            "y": 115.0
                        },
                        "private_settings": {},
                        "rot": 0.0,
                        "scale": {
                            "x": 0.9921875,
                            "y": 0.99166667461395264
                        },
                        "scale_filter": "disable",
                        "visible": true
                    },
                    {
                        "align": 5,
                        "bounds": {
                            "x": 0.0,
                            "y": 0.0
                        },
                        "bounds_align": 0,
                        "bounds_type": 0,
                        "crop_bottom": 0,
                        "crop_left": 0,
                        "crop_right": 0,
                        "crop_top": 0,
                        "group_item_backup": true,
                        "id": 4,
                        "locked": true,
                        "name": "Match Frame",
                        "pos": {
                            "x": 0.0,
                            "y": 0.0
                        },
                        "private_settings": {},
                        "rot": 0.0,
                        "scale": {
                            "x": 1.0,
                            "y": 1.0
                        },
                        "scale_filter": "disable",
                        "visible": true
                    },
                    {
                        "align": 5,
                        "bounds": {
                            "x": 1.0,
                            "y": 1.0
                        },
                        "bounds_align": 0,
                        "bounds_type": 0,
                        "crop_bottom": 0,
                        "crop_left": 0,
                        "crop_right": 0,
                        "crop_top": 0,
                        "group_item_backup": true,
                        "id": 20,
                        "locked": true,
                        "name": "Scrolling Text",
                        "pos": {
                            "x": 301.0,
                            "y": 685.0
                        },
                        "private_settings": {},
                        "rot": 0.0,
                        "scale": {
                            "x": 1.0,
                            "y": 1.0
                        },
                        "scale_filter": "disable",
                        "visible": true
                    },
                    {
                        "align": 5,
                        "bounds": {
                            "x": 0.0,
                            "y": 0.0
                        },
                        "bounds_align": 0,
                        "bounds_type": 0,
                        "crop_bottom": 0,
                        "crop_left": 0,
                        "crop_right": 0,
                        "crop_top": 0,
                        "group_item_backup": true,
                        "id": 19,
                        "locked": true,
                        "name": "[DA] Location - P2",
                        "pos": {
                            "x": 791.0,
                            "y": 609.0
                        },
                        "private_settings": {},
                        "rot": 0.0,
                        "scale": {
                            "x": 1.0,
                            "y": 1.0
                        },
                        "scale_filter": "disable",
                        "visible": true
                    },
                    {
                        "align": 5,
                        "bounds": {
                            "x": 0.0,
                            "y": 0.0
                        },
                        "bounds_align": 0,
                        "bounds_type": 0,
                        "crop_bottom": 0,
                        "crop_left": 0,
                        "crop_right": 0,
                        "crop_top": 0,
                        "group_item_backup": true,
                        "id": 16,
                        "locked": true,
                        "name": "[DA] Location - P1",
                        "pos": {
                            "x": 284.0,
                            "y": 612.0
                        },
                        "private_settings": {},
                        "rot": 0.0,
                        "scale": {
                            "x": 1.0,
                            "y": 1.0
                        },
                        "scale_filter": "disable",
                        "visible": true
                    },
                    {
                        "align": 5,
                        "bounds": {
                            "x": 0.0,
                            "y": 0.0
                        },
                        "bounds_align": 0,
                        "bounds_type": 0,
                        "crop_bottom": 0,
                        "crop_left": 0,
                        "crop_right": 0,
                        "crop_top": 0,
                        "group_item_backup": true,
                        "id": 13,
                        "locked": true,
                        "name": "[DA] Best Of",
                        "pos": {
                            "x": 655.0,
                            "y": 587.0
                        },
                        "private_settings": {},
                        "rot": 0.0,
                        "scale": {
                            "x": 1.0,
                            "y": 1.0
                        },
                        "scale_filter": "disable",
                        "visible": true
                    },
                    {
                        "align": 5,
                        "bounds": {
                            "x": 0.0,
                            "y": 0.0
                        },
                        "bounds_align": 0,
                        "bounds_type": 0,
                        "crop_bottom": 0,
                        "crop_left": 0,
                        "crop_right": 0,
                        "crop_top": 0,
                        "group_item_backup": true,
                        "id": 3,
                        "locked": true,
                        "name": "[DA] Scoreboard",
                        "pos": {
                            "x": 435.0,
                            "y": 41.0
                        },
                        "private_settings": {},
                        "rot": 0.0,
                        "scale": {
                            "x": 1.0,
                            "y": 1.0
                        },
                        "scale_filter": "disable",
                        "visible": true
                    },
                    {
                        "align": 5,
                        "bounds": {
                            "x": 0.0,
                            "y": 0.0
                        },
                        "bounds_align": 0,
                        "bounds_type": 0,
                        "crop_bottom": 0,
                        "crop_left": 0,
                        "crop_right": 0,
                        "crop_top": 0,
                        "group_item_backup": false,
                        "id": 15,
                        "locked": true,
                        "name": "Match Framing",
                        "pos": {
                            "x": 0.0,
                            "y": 0.0
                        },
                        "private_settings": {
                            "collapsed": true
                        },
                        "rot": 0.0,
                        "scale": {
                            "x": 1.0,
                            "y": 1.0
                        },
                        "scale_filter": "disable",
                        "visible": true
                    },
                    {
                        "align": 5,
                        "bounds": {
                            "x": 0.0,
                            "y": 0.0
                        },
                        "bounds_align": 0,
                        "bounds_type": 0,
                        "crop_bottom": 0,
                        "crop_left": 0,
                        "crop_right": 0,
                        "crop_top": 0,
                        "group_item_backup": false,
                        "id": 6,
                        "locked": true,
                        "name": "[DA] Dart Counts",
                        "pos": {
                            "x": 634.0,
                            "y": 141.0
                        },
                        "private_settings": {},
                        "rot": 0.0,
                        "scale": {
                            "x": 1.0,
                            "y": 1.0
                        },
                        "scale_filter": "disable",
                        "visible": false
                    },
                    {
                        "align": 5,
                        "bounds": {
                            "x": 0.0,
                            "y": 0.0
                        },
                        "bounds_align": 0,
                        "bounds_type": 0,
                        "crop_bottom": 8,
                        "crop_left": 0,
                        "crop_right": 0,
                        "crop_top": 18,
                        "group_item_backup": false,
                        "id": 9,
                        "locked": true,
                        "name": "[DA] Match Stats",
                        "pos": {
                            "x": 436.0,
                            "y": 83.0
                        },
                        "private_settings": {},
                        "rot": 0.0,
                        "scale": {
                            "x": 1.0,
                            "y": 1.0
                        },
                        "scale_filter": "disable",
                        "visible": false
                    },
                    {
                        "align": 5,
                        "bounds": {
                            "x": 0.0,
                            "y": 0.0
                        },
                        "bounds_align": 0,
                        "bounds_type": 0,
                        "crop_bottom": 296,
                        "crop_left": 0,
                        "crop_right": 0,
                        "crop_top": 0,
                        "group_item_backup": false,
                        "id": 22,
                        "locked": true,
                        "name": "[DA] Standings",
                        "pos": {
                            "x": 433.0,
                            "y": 459.0
                        },
                        "private_settings": {},
                        "rot": 0.0,
                        "scale": {
                            "x": 1.0,
                            "y": 1.0
                        },
                        "scale_filter": "disable",
                        "visible": false
                    }
                ]
            },
            "sync": 0,
            "versioned_id": "scene",
            "volume": 1.0
        },
        {
            "balance": 0.5,
            "deinterlace_field_order": 0,
            "deinterlace_mode": 0,
            "enabled": true,
            "flags": 0,
            "hotkeys": {
                "libobs.mute": [],
                "libobs.push-to-mute": [],
                "libobs.push-to-talk": [],
                "libobs.unmute": []
            },
            "id": "browser_source",
            "mixers": 255,
            "monitoring_type": 0,
            "muted": true,
            "name": "[DA] Scoreboard",
            "prev_ver": 436273154,
            "private_settings": {
                "mixer_hidden": true
            },
            "push-to-mute": false,
            "push-to-mute-delay": 0,
            "push-to-talk": false,
            "push-to-talk-delay": 0,
            "settings": {
                "css": "#broadcast_wrapper .x01-dual-cam > div.throwing > .names, #broadcast_wrapper .x01-dual-cam > div.throwing > span > .required {\n  background-color: #061163 !important;\nbackground-color:  #535689 !important;\n}",
                "height": 100,
                "restart_when_active": false,
                "shutdown": false,
                "url": "https://www.dartsatlas.com/matches/R7VMBlFswd1B/broadcast_dual_cam?theme_color=97B2AF",
                "width": 600
            },
            "sync": 0,
            "versioned_id": "browser_source",
            "volume": 9.9999997473787516e-5
        },
        {
            "balance": 0.5,
            "deinterlace_field_order": 0,
            "deinterlace_mode": 0,
            "enabled": true,
            "flags": 0,
            "hotkeys": {
                "OBSBasic.SelectScene": [],
                "libobs.hide_scene_item.Booth Frame": [],
                "libobs.hide_scene_item.Scrolling Text": [],
                "libobs.hide_scene_item.[DA] Standings": [],
                "libobs.show_scene_item.Booth Frame": [],
                "libobs.show_scene_item.Scrolling Text": [],
                "libobs.show_scene_item.[DA] Standings": []
            },
            "id": "scene",
            "mixers": 0,
            "monitoring_type": 0,
            "muted": false,
            "name": "Standings",
            "prev_ver": 436273154,
            "private_settings": {},
            "push-to-mute": false,
            "push-to-mute-delay": 0,
            "push-to-talk": false,
            "push-to-talk-delay": 0,
            "settings": {
                "custom_size": false,
                "id_counter": 6,
                "items": [
                    {
                        "align": 5,
                        "bounds": {
                            "x": 0.0,
                            "y": 0.0
                        },
                        "bounds_align": 0,
                        "bounds_type": 0,
                        "crop_bottom": 73,
                        "crop_left": 0,
                        "crop_right": 0,
                        "crop_top": 0,
                        "group_item_backup": false,
                        "id": 2,
                        "locked": true,
                        "name": "[DA] Standings",
                        "pos": {
                            "x": 465.0,
                            "y": 145.0
                        },
                        "private_settings": {},
                        "rot": 0.0,
                        "scale": {
                            "x": 0.90166664123535156,
                            "y": 0.90181815624237061
                        },
                        "scale_filter": "disable",
                        "visible": true
                    },
                    {
                        "align": 5,
                        "bounds": {
                            "x": 0.0,
                            "y": 0.0
                        },
                        "bounds_align": 0,
                        "bounds_type": 0,
                        "crop_bottom": 0,
                        "crop_left": 0,
                        "crop_right": 0,
                        "crop_top": 0,
                        "group_item_backup": false,
                        "id": 1,
                        "locked": true,
                        "name": "Booth Frame",
                        "pos": {
                            "x": 0.0,
                            "y": 0.0
                        },
                        "private_settings": {},
                        "rot": 0.0,
                        "scale": {
                            "x": 1.0,
                            "y": 1.0
                        },
                        "scale_filter": "disable",
                        "visible": true
                    },
                    {
                        "align": 5,
                        "bounds": {
                            "x": 1.0,
                            "y": 1.0
                        },
                        "bounds_align": 0,
                        "bounds_type": 0,
                        "crop_bottom": 0,
                        "crop_left": 0,
                        "crop_right": 0,
                        "crop_top": 0,
                        "group_item_backup": false,
                        "id": 5,
                        "locked": true,
                        "name": "Scrolling Text",
                        "pos": {
                            "x": 301.0,
                            "y": 685.0
                        },
                        "private_settings": {},
                        "rot": 0.0,
                        "scale": {
                            "x": 1.0,
                            "y": 1.0
                        },
                        "scale_filter": "disable",
                        "visible": true
                    }
                ]
            },
            "sync": 0,
            "versioned_id": "scene",
            "volume": 1.0
        },
        {
            "balance": 0.5,
            "deinterlace_field_order": 0,
            "deinterlace_mode": 0,
            "enabled": true,
            "flags": 0,
            "hotkeys": {
                "OBSBasic.SelectScene": [],
                "libobs.hide_scene_item.Booth Camera": [],
                "libobs.hide_scene_item.Booth Frame": [],
                "libobs.hide_scene_item.Group": [],
                "libobs.hide_scene_item.Scrolling Text": [],
                "libobs.show_scene_item.Booth Camera": [],
                "libobs.show_scene_item.Booth Frame": [],
                "libobs.show_scene_item.Group": [],
                "libobs.show_scene_item.Scrolling Text": []
            },
            "id": "scene",
            "mixers": 0,
            "monitoring_type": 0,
            "muted": false,
            "name": "Match Summary",
            "prev_ver": 436273154,
            "private_settings": {},
            "push-to-mute": false,
            "push-to-mute-delay": 0,
            "push-to-talk": false,
            "push-to-talk-delay": 0,
            "settings": {
                "custom_size": false,
                "id_counter": 11,
                "items": [
                    {
                        "align": 5,
                        "bounds": {
                            "x": 0.0,
                            "y": 0.0
                        },
                        "bounds_align": 0,
                        "bounds_type": 0,
                        "crop_bottom": 0,
                        "crop_left": 0,
                        "crop_right": 0,
                        "crop_top": 0,
                        "group_item_backup": false,
                        "id": 8,
                        "locked": true,
                        "name": "Booth Camera",
                        "pos": {
                            "x": 0.0,
                            "y": 0.0
                        },
                        "private_settings": {},
                        "rot": 0.0,
                        "scale": {
                            "x": 1.0,
                            "y": 1.0
                        },
                        "scale_filter": "disable",
                        "visible": true
                    },
                    {
                        "align": 5,
                        "bounds": {
                            "x": 0.0,
                            "y": 0.0
                        },
                        "bounds_align": 0,
                        "bounds_type": 0,
                        "crop_bottom": 55,
                        "crop_left": 0,
                        "crop_right": 0,
                        "crop_top": 0,
                        "group_item_backup": true,
                        "id": 1,
                        "locked": false,
                        "name": "[DA] Match Summary",
                        "pos": {
                            "x": 586.0,
                            "y": 197.0
                        },
                        "private_settings": {},
                        "rot": 0.0,
                        "scale": {
                            "x": 1.0,
                            "y": 1.0
                        },
                        "scale_filter": "disable",
                        "visible": true
                    },
                    {
                        "align": 5,
                        "bounds": {
                            "x": 0.0,
                            "y": 0.0
                        },
                        "bounds_align": 0,
                        "bounds_type": 0,
                        "crop_bottom": 0,
                        "crop_left": 0,
                        "crop_right": 0,
                        "crop_top": 0,
                        "group_item_backup": true,
                        "id": 10,
                        "locked": true,
                        "name": "[DA] Name - P2",
                        "pos": {
                            "x": 917.0,
                            "y": 169.0
                        },
                        "private_settings": {},
                        "rot": 0.0,
                        "scale": {
                            "x": 1.0,
                            "y": 1.0
                        },
                        "scale_filter": "disable",
                        "visible": true
                    },
                    {
                        "align": 5,
                        "bounds": {
                            "x": 0.0,
                            "y": 0.0
                        },
                        "bounds_align": 0,
                        "bounds_type": 0,
                        "crop_bottom": 0,
                        "crop_left": 0,
                        "crop_right": 0,
                        "crop_top": 0,
                        "group_item_backup": true,
                        "id": 3,
                        "locked": true,
                        "name": "[DA] Name - P1",
                        "pos": {
                            "x": 557.0,
                            "y": 166.0
                        },
                        "private_settings": {},
                        "rot": 0.0,
                        "scale": {
                            "x": 1.0,
                            "y": 1.0
                        },
                        "scale_filter": "disable",
                        "visible": true
                    },
                    {
                        "align": 5,
                        "bounds": {
                            "x": 0.0,
                            "y": 0.0
                        },
                        "bounds_align": 0,
                        "bounds_type": 0,
                        "crop_bottom": 0,
                        "crop_left": 0,
                        "crop_right": 0,
                        "crop_top": 0,
                        "group_item_backup": false,
                        "id": 9,
                        "locked": false,
                        "name": "Group",
                        "pos": {
                            "x": 557.0,
                            "y": 166.0
                        },
                        "private_settings": {
                            "collapsed": true
                        },
                        "rot": 0.0,
                        "scale": {
                            "x": 1.0,
                            "y": 1.0
                        },
                        "scale_filter": "disable",
                        "visible": true
                    },
                    {
                        "align": 5,
                        "bounds": {
                            "x": 0.0,
                            "y": 0.0
                        },
                        "bounds_align": 0,
                        "bounds_type": 0,
                        "crop_bottom": 0,
                        "crop_left": 0,
                        "crop_right": 0,
                        "crop_top": 0,
                        "group_item_backup": false,
                        "id": 7,
                        "locked": true,
                        "name": "Booth Frame",
                        "pos": {
                            "x": 0.0,
                            "y": 0.0
                        },
                        "private_settings": {},
                        "rot": 0.0,
                        "scale": {
                            "x": 1.0,
                            "y": 1.0
                        },
                        "scale_filter": "disable",
                        "visible": true
                    },
                    {
                        "align": 5,
                        "bounds": {
                            "x": 1.0,
                            "y": 1.0
                        },
                        "bounds_align": 0,
                        "bounds_type": 0,
                        "crop_bottom": 0,
                        "crop_left": 0,
                        "crop_right": 0,
                        "crop_top": 0,
                        "group_item_backup": false,
                        "id": 11,
                        "locked": true,
                        "name": "Scrolling Text",
                        "pos": {
                            "x": 301.0,
                            "y": 685.0
                        },
                        "private_settings": {},
                        "rot": 0.0,
                        "scale": {
                            "x": 1.0,
                            "y": 1.0
                        },
                        "scale_filter": "disable",
                        "visible": true
                    }
                ]
            },
            "sync": 0,
            "versioned_id": "scene",
            "volume": 1.0
        },
        {
            "balance": 0.5,
            "deinterlace_field_order": 0,
            "deinterlace_mode": 0,
            "enabled": true,
            "flags": 0,
            "hotkeys": {},
            "id": "image_source",
            "mixers": 0,
            "monitoring_type": 0,
            "muted": false,
            "name": "Booth Frame",
            "prev_ver": 436273154,
            "private_settings": {},
            "push-to-mute": false,
            "push-to-mute-delay": 0,
            "push-to-talk": false,
            "push-to-talk-delay": 0,
            "settings": {
                "file": "/Users/matt/Documents/Livestreaming/Bang Average/booth-frame.png"
            },
            "sync": 0,
            "versioned_id": "image_source",
            "volume": 1.0
        },
        {
            "balance": 0.5,
            "deinterlace_field_order": 0,
            "deinterlace_mode": 0,
            "enabled": true,
            "flags": 0,
            "hotkeys": {},
            "id": "image_source",
            "mixers": 0,
            "monitoring_type": 0,
            "muted": false,
            "name": "Match Frame",
            "prev_ver": 436273154,
            "private_settings": {},
            "push-to-mute": false,
            "push-to-mute-delay": 0,
            "push-to-talk": false,
            "push-to-talk-delay": 0,
            "settings": {
                "file": "/Users/matt/Documents/Livestreaming/Bang Average/match-frame.png"
            },
            "sync": 0,
            "versioned_id": "image_source",
            "volume": 1.0
        },
        {
            "balance": 0.5,
            "deinterlace_field_order": 0,
            "deinterlace_mode": 0,
            "enabled": true,
            "flags": 0,
            "hotkeys": {
                "libobs.mute": [],
                "libobs.push-to-mute": [],
                "libobs.push-to-talk": [],
                "libobs.unmute": []
            },
            "id": "browser_source",
            "mixers": 255,
            "monitoring_type": 0,
            "muted": true,
            "name": "[DA] Standings",
            "prev_ver": 436273154,
            "private_settings": {
                "mixer_hidden": true
            },
            "push-to-mute": false,
            "push-to-mute-delay": 0,
            "push-to-talk": false,
            "push-to-talk-delay": 0,
            "settings": {
                "css": "table.season-standings td:last-child { background-color: #061163 !important; }",
                "fps": 1,
                "height": 550,
                "restart_when_active": true,
                "url": "https://www.dartsatlas.com/matches/R7VMBlFswd1B/season_standings",
                "width": 600
            },
            "sync": 0,
            "versioned_id": "browser_source",
            "volume": 0.0015999999595806003
        },
        {
            "balance": 0.5,
            "deinterlace_field_order": 0,
            "deinterlace_mode": 0,
            "enabled": true,
            "flags": 0,
            "hotkeys": {
                "libobs.mute": [],
                "libobs.push-to-mute": [],
                "libobs.push-to-talk": [],
                "libobs.unmute": []
            },
            "id": "browser_source",
            "mixers": 255,
            "monitoring_type": 0,
            "muted": true,
            "name": "[DA] Match Preview",
            "prev_ver": 436273154,
            "private_settings": {
                "mixer_hidden": true
            },
            "push-to-mute": false,
            "push-to-mute-delay": 0,
            "push-to-talk": false,
            "push-to-talk-delay": 0,
            "settings": {
                "css": "",
                "fps": 1,
                "height": 320,
                "restart_when_active": false,
                "url": "https://www.dartsatlas.com/matches/R7VMBlFswd1B/broadcast_preview",
                "width": 800
            },
            "sync": 0,
            "versioned_id": "browser_source",
            "volume": 0.0
        },
        {
            "balance": 0.5,
            "deinterlace_field_order": 0,
            "deinterlace_mode": 0,
            "enabled": true,
            "flags": 0,
            "hotkeys": {
                "libobs.mute": [],
                "libobs.push-to-mute": [],
                "libobs.push-to-talk": [],
                "libobs.unmute": []
            },
            "id": "browser_source",
            "mixers": 255,
            "monitoring_type": 0,
            "muted": true,
            "name": "[DA] Match Stats",
            "prev_ver": 436273154,
            "private_settings": {
                "mixer_hidden": true
            },
            "push-to-mute": false,
            "push-to-mute-delay": 0,
            "push-to-talk": false,
            "push-to-talk-delay": 0,
            "settings": {
                "css": "",
                "fps": 1,
                "height": 200,
                "restart_when_active": false,
                "url": "https://www.dartsatlas.com/matches/R7VMBlFswd1B/broadcast_stats",
                "width": 600
            },
            "sync": 0,
            "versioned_id": "browser_source",
            "volume": 0.0
        },
        {
            "balance": 0.5,
            "deinterlace_field_order": 0,
            "deinterlace_mode": 0,
            "enabled": true,
            "flags": 0,
            "hotkeys": {
                "OBSBasic.SelectScene": [],
                "libobs.hide_scene_item.Booth Frame": [],
                "libobs.hide_scene_item.Scrolling Text": [],
                "libobs.hide_scene_item.[DA] Match Preview": [],
                "libobs.hide_scene_item.[DA] Name - P1": [],
                "libobs.hide_scene_item.[DA] Name - P2": [],
                "libobs.show_scene_item.Booth Frame": [],
                "libobs.show_scene_item.Scrolling Text": [],
                "libobs.show_scene_item.[DA] Match Preview": [],
                "libobs.show_scene_item.[DA] Name - P1": [],
                "libobs.show_scene_item.[DA] Name - P2": []
            },
            "id": "scene",
            "mixers": 0,
            "monitoring_type": 0,
            "muted": false,
            "name": "Match Preview",
            "prev_ver": 436273154,
            "private_settings": {},
            "push-to-mute": false,
            "push-to-mute-delay": 0,
            "push-to-talk": false,
            "push-to-talk-delay": 0,
            "settings": {
                "custom_size": false,
                "id_counter": 10,
                "items": [
                    {
                        "align": 5,
                        "bounds": {
                            "x": 0.0,
                            "y": 0.0
                        },
                        "bounds_align": 0,
                        "bounds_type": 0,
                        "crop_bottom": 0,
                        "crop_left": 0,
                        "crop_right": 0,
                        "crop_top": 0,
                        "group_item_backup": false,
                        "id": 1,
                        "locked": true,
                        "name": "[DA] Match Preview",
                        "pos": {
                            "x": 328.0,
                            "y": 217.0
                        },
                        "private_settings": {},
                        "rot": 0.0,
                        "scale": {
                            "x": 1.0,
                            "y": 1.0
                        },
                        "scale_filter": "disable",
                        "visible": true
                    },
                    {
                        "align": 5,
                        "bounds": {
                            "x": 0.0,
                            "y": 0.0
                        },
                        "bounds_align": 0,
                        "bounds_type": 0,
                        "crop_bottom": 0,
                        "crop_left": 0,
                        "crop_right": 0,
                        "crop_top": 0,
                        "group_item_backup": false,
                        "id": 9,
                        "locked": true,
                        "name": "[DA] Name - P2",
                        "pos": {
                            "x": 823.0,
                            "y": 187.0
                        },
                        "private_settings": {},
                        "rot": 0.0,
                        "scale": {
                            "x": 1.0,
                            "y": 1.0
                        },
                        "scale_filter": "disable",
                        "visible": true
                    },
                    {
                        "align": 5,
                        "bounds": {
                            "x": 0.0,
                            "y": 0.0
                        },
                        "bounds_align": 0,
                        "bounds_type": 0,
                        "crop_bottom": 0,
                        "crop_left": 0,
                        "crop_right": 0,
                        "crop_top": 0,
                        "group_item_backup": false,
                        "id": 3,
                        "locked": true,
                        "name": "[DA] Name - P1",
                        "pos": {
                            "x": 333.0,
                            "y": 187.0
                        },
                        "private_settings": {},
                        "rot": 0.0,
                        "scale": {
                            "x": 1.0,
                            "y": 1.0
                        },
                        "scale_filter": "disable",
                        "visible": true
                    },
                    {
                        "align": 5,
                        "bounds": {
                            "x": 0.0,
                            "y": 0.0
                        },
                        "bounds_align": 0,
                        "bounds_type": 0,
                        "crop_bottom": 0,
                        "crop_left": 0,
                        "crop_right": 0,
                        "crop_top": 0,
                        "group_item_backup": false,
                        "id": 2,
                        "locked": true,
                        "name": "Booth Frame",
                        "pos": {
                            "x": 0.0,
                            "y": 0.0
                        },
                        "private_settings": {},
                        "rot": 0.0,
                        "scale": {
                            "x": 1.0,
                            "y": 1.0
                        },
                        "scale_filter": "disable",
                        "visible": true
                    },
                    {
                        "align": 5,
                        "bounds": {
                            "x": 1.0,
                            "y": 1.0
                        },
                        "bounds_align": 0,
                        "bounds_type": 0,
                        "crop_bottom": 0,
                        "crop_left": 0,
                        "crop_right": 0,
                        "crop_top": 0,
                        "group_item_backup": false,
                        "id": 10,
                        "locked": true,
                        "name": "Scrolling Text",
                        "pos": {
                            "x": 301.0,
                            "y": 685.0
                        },
                        "private_settings": {},
                        "rot": 0.0,
                        "scale": {
                            "x": 1.0,
                            "y": 1.0
                        },
                        "scale_filter": "disable",
                        "visible": true
                    }
                ]
            },
            "sync": 0,
            "versioned_id": "scene",
            "volume": 1.0
        },
        {
            "balance": 0.5,
            "deinterlace_field_order": 0,
            "deinterlace_mode": 0,
            "enabled": true,
            "flags": 0,
            "hotkeys": {
                "libobs.mute": [],
                "libobs.push-to-mute": [],
                "libobs.push-to-talk": [],
                "libobs.unmute": []
            },
            "id": "browser_source",
            "mixers": 255,
            "monitoring_type": 0,
            "muted": true,
            "name": "[DA] Name - P1",
            "prev_ver": 436273154,
            "private_settings": {
                "mixer_hidden": true
            },
            "push-to-mute": false,
            "push-to-mute-delay": 0,
            "push-to-talk": false,
            "push-to-talk-delay": 0,
            "settings": {
                "css": "",
                "fps": 1,
                "height": 30,
                "shutdown": false,
                "url": "https://www.dartsatlas.com/matches/R7VMBlFswd1B/broadcast_name?player=1",
                "width": 300
            },
            "sync": 0,
            "versioned_id": "browser_source",
            "volume": 0.0
        },
        {
            "balance": 0.5,
            "deinterlace_field_order": 0,
            "deinterlace_mode": 0,
            "enabled": true,
            "flags": 0,
            "hotkeys": {
                "OBSBasic.SelectScene": []
            },
            "id": "scene",
            "mixers": 0,
            "monitoring_type": 0,
            "muted": false,
            "name": "Black",
            "prev_ver": 436273154,
            "private_settings": {},
            "push-to-mute": false,
            "push-to-mute-delay": 0,
            "push-to-talk": false,
            "push-to-talk-delay": 0,
            "settings": {
                "custom_size": false,
                "id_counter": 0,
                "items": []
            },
            "sync": 0,
            "versioned_id": "scene",
            "volume": 1.0
        },
        {
            "balance": 0.5,
            "deinterlace_field_order": 0,
            "deinterlace_mode": 0,
            "enabled": true,
            "flags": 0,
            "hotkeys": {
                "OBSBasic.SelectScene": [],
                "libobs.hide_scene_item.Booth Frame": [],
                "libobs.hide_scene_item.Color Source 2": [],
                "libobs.hide_scene_item.Returning Shortly": [],
                "libobs.hide_scene_item.Scrolling Text": [],
                "libobs.show_scene_item.Booth Frame": [],
                "libobs.show_scene_item.Color Source 2": [],
                "libobs.show_scene_item.Returning Shortly": [],
                "libobs.show_scene_item.Scrolling Text": []
            },
            "id": "scene",
            "mixers": 0,
            "monitoring_type": 0,
            "muted": false,
            "name": "Returning Soon",
            "prev_ver": 436273154,
            "private_settings": {},
            "push-to-mute": false,
            "push-to-mute-delay": 0,
            "push-to-talk": false,
            "push-to-talk-delay": 0,
            "settings": {
                "custom_size": false,
                "id_counter": 8,
                "items": [
                    {
                        "align": 5,
                        "bounds": {
                            "x": 0.0,
                            "y": 0.0
                        },
                        "bounds_align": 0,
                        "bounds_type": 0,
                        "crop_bottom": 0,
                        "crop_left": 0,
                        "crop_right": 0,
                        "crop_top": 0,
                        "group_item_backup": false,
                        "id": 8,
                        "locked": true,
                        "name": "Color Source 2",
                        "pos": {
                            "x": 249.0,
                            "y": 98.0
                        },
                        "private_settings": {},
                        "rot": 0.0,
                        "scale": {
                            "x": 0.50885415077209473,
                            "y": 0.50925928354263306
                        },
                        "scale_filter": "disable",
                        "visible": true
                    },
                    {
                        "align": 5,
                        "bounds": {
                            "x": 0.0,
                            "y": 0.0
                        },
                        "bounds_align": 0,
                        "bounds_type": 0,
                        "crop_bottom": 0,
                        "crop_left": 0,
                        "crop_right": 0,
                        "crop_top": 0,
                        "group_item_backup": false,
                        "id": 1,
                        "locked": true,
                        "name": "Booth Frame",
                        "pos": {
                            "x": 0.0,
                            "y": 0.0
                        },
                        "private_settings": {},
                        "rot": 0.0,
                        "scale": {
                            "x": 1.0,
                            "y": 1.0
                        },
                        "scale_filter": "disable",
                        "visible": true
                    },
                    {
                        "align": 5,
                        "bounds": {
                            "x": 0.0,
                            "y": 0.0
                        },
                        "bounds_align": 0,
                        "bounds_type": 0,
                        "crop_bottom": 0,
                        "crop_left": 0,
                        "crop_right": 0,
                        "crop_top": 0,
                        "group_item_backup": false,
                        "id": 2,
                        "locked": true,
                        "name": "Returning Shortly",
                        "pos": {
                            "x": 380.0,
                            "y": 297.0
                        },
                        "private_settings": {},
                        "rot": 0.0,
                        "scale": {
                            "x": 1.0,
                            "y": 1.0
                        },
                        "scale_filter": "disable",
                        "visible": true
                    },
                    {
                        "align": 5,
                        "bounds": {
                            "x": 1.0,
                            "y": 1.0
                        },
                        "bounds_align": 0,
                        "bounds_type": 0,
                        "crop_bottom": 0,
                        "crop_left": 0,
                        "crop_right": 0,
                        "crop_top": 0,
                        "group_item_backup": false,
                        "id": 7,
                        "locked": true,
                        "name": "Scrolling Text",
                        "pos": {
                            "x": 301.0,
                            "y": 685.0
                        },
                        "private_settings": {},
                        "rot": 0.0,
                        "scale": {
                            "x": 1.0,
                            "y": 1.0
                        },
                        "scale_filter": "disable",
                        "visible": true
                    }
                ]
            },
            "sync": 0,
            "versioned_id": "scene",
            "volume": 1.0
        },
        {
            "balance": 0.5,
            "deinterlace_field_order": 0,
            "deinterlace_mode": 0,
            "enabled": true,
            "flags": 0,
            "hotkeys": {},
            "id": "text_ft2_source",
            "mixers": 0,
            "monitoring_type": 0,
            "muted": false,
            "name": "Returning Shortly",
            "prev_ver": 436273154,
            "private_settings": {},
            "push-to-mute": false,
            "push-to-mute-delay": 0,
            "push-to-talk": false,
            "push-to-talk-delay": 0,
            "settings": {
                "font": {
                    "face": "PT Serif",
                    "flags": 1,
                    "size": 64,
                    "style": "Bold"
                },
                "text": "Stream Returning Soon"
            },
            "sync": 0,
            "versioned_id": "text_ft2_source_v2",
            "volume": 1.0
        },
        {
            "balance": 0.5,
            "deinterlace_field_order": 0,
            "deinterlace_mode": 0,
            "enabled": true,
            "flags": 0,
            "hotkeys": {},
            "id": "text_ft2_source",
            "mixers": 0,
            "monitoring_type": 0,
            "muted": false,
            "name": "Hold Text",
            "prev_ver": 436273154,
            "private_settings": {},
            "push-to-mute": false,
            "push-to-mute-delay": 0,
            "push-to-talk": false,
            "push-to-talk-delay": 0,
            "settings": {
                "font": {
                    "face": "PT Serif",
                    "flags": 1,
                    "size": 64,
                    "style": "Bold"
                },
                "text": "Streaming Soon"
            },
            "sync": 0,
            "versioned_id": "text_ft2_source_v2",
            "volume": 1.0
        },
        {
            "balance": 0.5,
            "deinterlace_field_order": 0,
            "deinterlace_mode": 0,
            "enabled": true,
            "flags": 0,
            "hotkeys": {
                "libobs.mute": [],
                "libobs.push-to-mute": [],
                "libobs.push-to-talk": [],
                "libobs.unmute": []
            },
            "id": "browser_source",
            "mixers": 255,
            "monitoring_type": 0,
            "muted": true,
            "name": "[DA] Name - P2",
            "prev_ver": 436273154,
            "private_settings": {},
            "push-to-mute": false,
            "push-to-mute-delay": 0,
            "push-to-talk": false,
            "push-to-talk-delay": 0,
            "settings": {
                "css": "",
                "fps": 1,
                "fps_custom": true,
                "height": 30,
                "url": "https://www.dartsatlas.com/matches/R7VMBlFswd1B/broadcast_name?player=2",
                "width": 300
            },
            "sync": 0,
            "versioned_id": "browser_source",
            "volume": 0.0
        },
        {
            "balance": 0.5,
            "deinterlace_field_order": 0,
            "deinterlace_mode": 0,
            "enabled": true,
            "flags": 0,
            "hotkeys": {
                "libobs.mute": [],
                "libobs.push-to-mute": [],
                "libobs.push-to-talk": [],
                "libobs.unmute": []
            },
            "id": "browser_source",
            "mixers": 255,
            "monitoring_type": 0,
            "muted": true,
            "name": "[DA] Location - P2",
            "prev_ver": 436273154,
            "private_settings": {},
            "push-to-mute": false,
            "push-to-mute-delay": 0,
            "push-to-talk": false,
            "push-to-talk-delay": 0,
            "settings": {
                "css": "html { background-image: none; background-color: transparent; }\n#broadcast_location h1:first-child { text-align: left; }\n#broadcast_location h1:last-child { text-align: right; }\n#broadcast_location h1 { color: #061163; font-family: \"PT Serif\"; font-weight: bold; }",
                "fps": 1,
                "fps_custom": true,
                "height": 30,
                "url": "https://www.dartsatlas.com/matches/R7VMBlFswd1B/broadcast_location?player=2",
                "width": 400
            },
            "sync": 0,
            "versioned_id": "browser_source",
            "volume": 0.0024999999441206455
        }
    ],
    "transition_duration": 300,
    "transitions": []
}