{"current_program_scene":"Black","current_scene":"Black","current_transition":"Fade","groups":[],"modules":{"auto-scene-switcher":{"active":false,"interval":300,"non_matching_scene":"","switch_if_not_matching":false,"switches":[]},"decklink_captions":{"source":""},"output-timer":{"autoStartRecordTimer":false,"autoStartStreamTimer":false,"pauseRecordTimer":true,"recordTimerHours":0,"recordTimerMinutes":0,"recordTimerSeconds":30,"streamTimerHours":0,"streamTimerMinutes":0,"streamTimerSeconds":30},"scripts-tool":[]},"name":"DA 4k","preview_locked":false,"quick_transitions":[{"duration":300,"fade_to_black":false,"hotkeys":[],"id":11,"name":"Cut"},{"duration":300,"fade_to_black":false,"hotkeys":[],"id":12,"name":"Fade"},{"duration":300,"fade_to_black":true,"hotkeys":[],"id":13,"name":"Fade"}],"saved_projectors":[],"scaling_enabled":false,"scaling_level":0,"scaling_off_x":0.0,"scaling_off_y":0.0,"scene_order":[{"name":"Black"},{"name":"Table"},{"name":"Preview"},{"name":"Match"},{"name":"Summary"}],"sources":[{"balance":0.5,"deinterlace_field_order":0,"deinterlace_mode":0,"enabled":true,"flags":0,"hotkeys":{"ObsBrowser.Refresh":[],"libobs.mute":[],"libobs.push-to-mute":[],"libobs.push-to-talk":[],"libobs.unmute":[]},"id":"browser_source","mixers":255,"monitoring_type":0,"muted":false,"name":"[DA] Order of Merit","prev_ver":453115908,"private_settings":{},"push-to-mute":false,"push-to-mute-delay":0,"push-to-talk":false,"push-to-talk-delay":0,"settings":{"css":"","fps":1,"fps_custom":true,"height":1600,"restart_when_active":true,"url":"https://www.dartsatlas.com/matches/r0MQ7aUo6FoQ/broadcast_order_of_merit","webpage_control_level":0,"width":1800},"sync":0,"versioned_id":"browser_source","volume":1.0},{"balance":0.5,"deinterlace_field_order":0,"deinterlace_mode":0,"enabled":true,"flags":0,"hotkeys":{"ObsBrowser.Refresh":[],"libobs.mute":[],"libobs.push-to-mute":[],"libobs.push-to-talk":[],"libobs.unmute":[]},"id":"browser_source","mixers":255,"monitoring_type":0,"muted":false,"name":"[DA] Media Shot - P2","prev_ver":453115908,"private_settings":{},"push-to-mute":false,"push-to-mute-delay":0,"push-to-talk":false,"push-to-talk-delay":0,"settings":{"css":"","fps":1,"fps_custom":true,"height":1200,"url":"https://www.dartsatlas.com/matches/r0MQ7aUo6FoQ/broadcast_media_shot?player=2","webpage_control_level":0,"width":600},"sync":0,"versioned_id":"browser_source","volume":1.0},{"balance":0.5,"deinterlace_field_order":0,"deinterlace_mode":0,"enabled":true,"flags":0,"hotkeys":{"ObsBrowser.Refresh":[],"libobs.mute":[],"libobs.push-to-mute":[],"libobs.push-to-talk":[],"libobs.unmute":[]},"id":"browser_source","mixers":255,"monitoring_type":0,"muted":false,"name":"[DA] Media Shot - P1","prev_ver":453115908,"private_settings":{},"push-to-mute":false,"push-to-mute-delay":0,"push-to-talk":false,"push-to-talk-delay":0,"settings":{"css":"","fps":1,"fps_custom":true,"height":1200,"url":"https://www.dartsatlas.com/matches/r0MQ7aUo6FoQ/broadcast_media_shot?player=1","webpage_control_level":0,"width":600},"sync":0,"versioned_id":"browser_source","volume":1.0},{"balance":0.5,"deinterlace_field_order":0,"deinterlace_mode":0,"enabled":true,"flags":0,"hotkeys":{"OBSBasic.SelectScene":[],"libobs.hide_scene_item.Ticker":[],"libobs.hide_scene_item.[DA] Dart Counts - Stacked - Page 1":[],"libobs.hide_scene_item.[DA] Dart Counts - Stacked - Page 2":[],"libobs.hide_scene_item.[DA] Dart Counts - Stacked - Page 3":[],"libobs.hide_scene_item.[DA] Match Stats - Stacked":[],"libobs.hide_scene_item.[DA] Scoreboard - Stacked":[],"libobs.show_scene_item.Ticker":[],"libobs.show_scene_item.[DA] Dart Counts - Stacked - Page 1":[],"libobs.show_scene_item.[DA] Dart Counts - Stacked - Page 2":[],"libobs.show_scene_item.[DA] Dart Counts - Stacked - Page 3":[],"libobs.show_scene_item.[DA] Match Stats - Stacked":[],"libobs.show_scene_item.[DA] Scoreboard - Stacked":[]},"id":"scene","mixers":0,"monitoring_type":0,"muted":false,"name":"Match","prev_ver":453115908,"private_settings":{},"push-to-mute":false,"push-to-mute-delay":0,"push-to-talk":false,"push-to-talk-delay":0,"settings":{"custom_size":false,"id_counter":12,"items":[{"align":5,"blend_type":"normal","bounds":{"x":1.0,"y":1.0},"bounds_align":0,"bounds_type":0,"crop_bottom":0,"crop_left":0,"crop_right":0,"crop_top":0,"group_item_backup":false,"hide_transition":{"duration":300,"id":"slide_transition","name":"[DA] Scoreboard - Stacked Hide Transition","transition":{"direction":"left"},"versioned_id":"slide_transition"},"id":4,"locked":true,"name":"[DA] Scoreboard - Stacked","pos":{"x":1700.0,"y":1710.0},"private_settings":{},"rot":0.0,"scale":{"x":1.0,"y":1.0},"scale_filter":"disable","show_transition":{"duration":300,"id":"slide_transition","name":"[DA] Scoreboard - Stacked Show Transition","transition":{"direction":"right"},"versioned_id":"slide_transition"},"visible":true},{"align":5,"blend_type":"normal","bounds":{"x":1.0,"y":1.0},"bounds_align":0,"bounds_type":0,"crop_bottom":0,"crop_left":0,"crop_right":0,"crop_top":0,"group_item_backup":false,"hide_transition":{"duration":300,"id":"slide_transition","name":"[DA] Match Stats - Stacked Hide Transition","transition":{"direction":"right"},"versioned_id":"slide_transition"},"id":5,"locked":true,"name":"[DA] Match Stats - Stacked","pos":{"x":900.0,"y":1710.0},"private_settings":{},"rot":0.0,"scale":{"x":1.0,"y":1.0},"scale_filter":"disable","show_transition":{"duration":300,"id":"slide_transition","name":"[DA] Match Stats - Stacked Show Transition","transition":{"direction":"left"},"versioned_id":"slide_transition"},"visible":false},{"align":5,"blend_type":"normal","bounds":{"x":1.0,"y":1.0},"bounds_align":0,"bounds_type":0,"crop_bottom":0,"crop_left":0,"crop_right":0,"crop_top":0,"group_item_backup":false,"hide_transition":{"duration":300,"id":"slide_transition","name":"[DA] Dart Counts - Stacked - Page 1 Hide Transition","transition":{"direction":"right"},"versioned_id":"slide_transition"},"id":6,"locked":true,"name":"[DA] Dart Counts - Stacked - Page 1","pos":{"x":420.0,"y":1710.0},"private_settings":{},"rot":0.0,"scale":{"x":1.0,"y":1.0},"scale_filter":"disable","show_transition":{"duration":300,"id":"slide_transition","name":"[DA] Dart Counts - Stacked - Page 1 Show Transition","transition":{"direction":"left"},"versioned_id":"slide_transition"},"visible":false},{"align":5,"blend_type":"normal","bounds":{"x":1.0,"y":1.0},"bounds_align":0,"bounds_type":0,"crop_bottom":0,"crop_left":0,"crop_right":0,"crop_top":0,"group_item_backup":false,"hide_transition":{"duration":300,"id":"slide_transition","name":"[DA] Dart Counts - Stacked - Page 2 Hide Transition","transition":{"direction":"right"},"versioned_id":"slide_transition"},"id":7,"locked":true,"name":"[DA] Dart Counts - Stacked - Page 2","pos":{"x":420.0,"y":1710.0},"private_settings":{},"rot":0.0,"scale":{"x":1.0,"y":1.0},"scale_filter":"disable","show_transition":{"duration":300,"id":"slide_transition","name":"[DA] Dart Counts - Stacked - Page 2 Show Transition","transition":{"direction":"left"},"versioned_id":"slide_transition"},"visible":false},{"align":5,"blend_type":"normal","bounds":{"x":1.0,"y":1.0},"bounds_align":0,"bounds_type":0,"crop_bottom":0,"crop_left":0,"crop_right":0,"crop_top":0,"group_item_backup":false,"hide_transition":{"duration":300,"id":"slide_transition","name":"[DA] Dart Counts - Stacked - Page 3 Hide Transition","transition":{"direction":"right"},"versioned_id":"slide_transition"},"id":8,"locked":true,"name":"[DA] Dart Counts - Stacked - Page 3","pos":{"x":420.0,"y":1710.0},"private_settings":{},"rot":0.0,"scale":{"x":1.0,"y":1.0},"scale_filter":"disable","show_transition":{"duration":300,"id":"slide_transition","name":"[DA] Dart Counts - Stacked - Page 3 Show Transition","transition":{"direction":"left"},"versioned_id":"slide_transition"},"visible":false},{"align":5,"blend_type":"normal","bounds":{"x":0.0,"y":0.0},"bounds_align":0,"bounds_type":0,"crop_bottom":0,"crop_left":0,"crop_right":0,"crop_top":0,"group_item_backup":false,"hide_transition":{"duration":0},"id":10,"locked":true,"name":"Ticker","pos":{"x":0.0,"y":2070.0},"private_settings":{},"rot":0.0,"scale":{"x":1.0,"y":1.0},"scale_filter":"disable","show_transition":{"duration":0},"visible":true}]},"sync":0,"versioned_id":"scene","volume":1.0},{"balance":0.5,"deinterlace_field_order":0,"deinterlace_mode":0,"enabled":true,"flags":0,"hotkeys":{"OBSBasic.SelectScene":[],"libobs.hide_scene_item.Ticker":[],"libobs.hide_scene_item.[DA] Match Preview":[],"libobs.hide_scene_item.[DA] Media Shot - P1":[],"libobs.hide_scene_item.[DA] Media Shot - P2":[],"libobs.hide_scene_item.[DA] Name - P1":[],"libobs.hide_scene_item.[DA] Name - P2":[],"libobs.hide_scene_item.[DA] Nickname - P1":[],"libobs.hide_scene_item.[DA] Nickname - P2":[],"libobs.show_scene_item.Ticker":[],"libobs.show_scene_item.[DA] Match Preview":[],"libobs.show_scene_item.[DA] Media Shot - P1":[],"libobs.show_scene_item.[DA] Media Shot - P2":[],"libobs.show_scene_item.[DA] Name - P1":[],"libobs.show_scene_item.[DA] Name - P2":[],"libobs.show_scene_item.[DA] Nickname - P1":[],"libobs.show_scene_item.[DA] Nickname - P2":[]},"id":"scene","mixers":0,"monitoring_type":0,"muted":false,"name":"Preview","prev_ver":453115908,"private_settings":{},"push-to-mute":false,"push-to-mute-delay":0,"push-to-talk":false,"push-to-talk-delay":0,"settings":{"custom_size":false,"id_counter":22,"items":[{"align":5,"blend_type":"normal","bounds":{"x":0.0,"y":0.0},"bounds_align":0,"bounds_type":0,"crop_bottom":0,"crop_left":0,"crop_right":0,"crop_top":0,"group_item_backup":false,"hide_transition":{"duration":0},"id":1,"locked":true,"name":"[DA] Match Preview","pos":{"x":750.0,"y":510.0},"private_settings":{},"rot":0.0,"scale":{"x":1.0,"y":1.0},"scale_filter":"disable","show_transition":{"duration":0},"visible":true},{"align":5,"blend_type":"normal","bounds":{"x":1.0,"y":1.0},"bounds_align":0,"bounds_type":0,"crop_bottom":0,"crop_left":0,"crop_right":0,"crop_top":0,"group_item_backup":false,"hide_transition":{"duration":0},"id":17,"locked":true,"name":"[DA] Name - P2","pos":{"x":2250.0,"y":344.0},"private_settings":{},"rot":0.0,"scale":{"x":1.0,"y":1.0},"scale_filter":"disable","show_transition":{"duration":0},"visible":true},{"align":5,"blend_type":"normal","bounds":{"x":1.0,"y":1.0},"bounds_align":0,"bounds_type":0,"crop_bottom":0,"crop_left":0,"crop_right":0,"crop_top":0,"group_item_backup":false,"hide_transition":{"duration":0},"id":18,"locked":true,"name":"[DA] Nickname - P2","pos":{"x":2250.0,"y":240.0},"private_settings":{},"rot":0.0,"scale":{"x":1.0,"y":1.0},"scale_filter":"disable","show_transition":{"duration":0},"visible":true},{"align":5,"blend_type":"normal","bounds":{"x":1.0,"y":1.0},"bounds_align":0,"bounds_type":0,"crop_bottom":0,"crop_left":0,"crop_right":0,"crop_top":0,"group_item_backup":false,"hide_transition":{"duration":0},"id":19,"locked":true,"name":"[DA] Name - P1","pos":{"x":90.0,"y":344.0},"private_settings":{},"rot":0.0,"scale":{"x":1.0,"y":1.0},"scale_filter":"disable","show_transition":{"duration":0},"visible":true},{"align":5,"blend_type":"normal","bounds":{"x":1.0,"y":1.0},"bounds_align":0,"bounds_type":0,"crop_bottom":0,"crop_left":0,"crop_right":0,"crop_top":0,"group_item_backup":false,"hide_transition":{"duration":0},"id":20,"locked":true,"name":"[DA] Nickname - P1","pos":{"x":90.0,"y":240.0},"private_settings":{},"rot":0.0,"scale":{"x":1.0,"y":1.0},"scale_filter":"disable","show_transition":{"duration":0},"visible":true},{"align":5,"blend_type":"normal","bounds":{"x":1.0,"y":1.0},"bounds_align":0,"bounds_type":0,"crop_bottom":0,"crop_left":0,"crop_right":0,"crop_top":0,"group_item_backup":false,"hide_transition":{"duration":0},"id":10,"locked":true,"name":"[DA] Media Shot - P2","pos":{"x":3150.0,"y":480.0},"private_settings":{},"rot":0.0,"scale":{"x":1.0,"y":1.0},"scale_filter":"disable","show_transition":{"duration":0},"visible":true},{"align":5,"blend_type":"normal","bounds":{"x":0.0,"y":0.0},"bounds_align":0,"bounds_type":0,"crop_bottom":0,"crop_left":0,"crop_right":0,"crop_top":0,"group_item_backup":false,"hide_transition":{"duration":0},"id":14,"locked":true,"name":"[DA] Media Shot - P1","pos":{"x":89.0,"y":480.0},"private_settings":{},"rot":0.0,"scale":{"x":1.0,"y":1.0},"scale_filter":"disable","show_transition":{"duration":0},"visible":true},{"align":5,"blend_type":"normal","bounds":{"x":0.0,"y":0.0},"bounds_align":0,"bounds_type":0,"crop_bottom":0,"crop_left":0,"crop_right":0,"crop_top":0,"group_item_backup":false,"hide_transition":{"duration":0},"id":21,"locked":true,"name":"Ticker","pos":{"x":0.0,"y":2070.0},"private_settings":{},"rot":0.0,"scale":{"x":1.0,"y":1.0},"scale_filter":"disable","show_transition":{"duration":0},"visible":true}]},"sync":0,"versioned_id":"scene","volume":1.0},{"balance":0.5,"deinterlace_field_order":0,"deinterlace_mode":0,"enabled":true,"flags":0,"hotkeys":{"OBSBasic.SelectScene":[],"libobs.hide_scene_item.Ticker":[],"libobs.hide_scene_item.[DA] Order of Merit":[],"libobs.hide_scene_item.[DA] Standings":[],"libobs.show_scene_item.Ticker":[],"libobs.show_scene_item.[DA] Order of Merit":[],"libobs.show_scene_item.[DA] Standings":[]},"id":"scene","mixers":0,"monitoring_type":0,"muted":false,"name":"Table","prev_ver":453115908,"private_settings":{},"push-to-mute":false,"push-to-mute-delay":0,"push-to-talk":false,"push-to-talk-delay":0,"settings":{"custom_size":false,"id_counter":6,"items":[{"align":5,"blend_type":"normal","bounds":{"x":0.0,"y":0.0},"bounds_align":0,"bounds_type":0,"crop_bottom":0,"crop_left":0,"crop_right":0,"crop_top":0,"group_item_backup":false,"hide_transition":{"duration":0},"id":6,"locked":true,"name":"[DA] Order of Merit","pos":{"x":1020.0,"y":280.0},"private_settings":{},"rot":0.0,"scale":{"x":1.0,"y":1.0},"scale_filter":"disable","show_transition":{"duration":0},"visible":false},{"align":5,"blend_type":"normal","bounds":{"x":0.0,"y":0.0},"bounds_align":0,"bounds_type":0,"crop_bottom":0,"crop_left":0,"crop_right":0,"crop_top":0,"group_item_backup":false,"hide_transition":{"duration":0},"id":2,"locked":true,"name":"[DA] Standings","pos":{"x":1020.0,"y":280.0},"private_settings":{},"rot":0.0,"scale":{"x":1.0,"y":1.0},"scale_filter":"disable","show_transition":{"duration":0},"visible":true},{"align":5,"blend_type":"normal","bounds":{"x":0.0,"y":0.0},"bounds_align":0,"bounds_type":0,"crop_bottom":0,"crop_left":0,"crop_right":0,"crop_top":0,"group_item_backup":false,"hide_transition":{"duration":0},"id":5,"locked":true,"name":"Ticker","pos":{"x":0.0,"y":2070.0},"private_settings":{},"rot":0.0,"scale":{"x":1.0,"y":1.0},"scale_filter":"disable","show_transition":{"duration":0},"visible":true}]},"sync":0,"versioned_id":"scene","volume":1.0},{"balance":0.5,"deinterlace_field_order":0,"deinterlace_mode":0,"enabled":true,"flags":0,"hotkeys":{"ObsBrowser.Refresh":[],"libobs.mute":[],"libobs.push-to-mute":[],"libobs.push-to-talk":[],"libobs.unmute":[]},"id":"browser_source","mixers":255,"monitoring_type":0,"muted":false,"name":"[DA] Nickname - P2","prev_ver":453115908,"private_settings":{},"push-to-mute":false,"push-to-mute-delay":0,"push-to-talk":false,"push-to-talk-delay":0,"settings":{"css":"","fps":1,"fps_custom":true,"height":90,"reroute_audio":false,"restart_when_active":false,"shutdown":false,"url":"https://www.dartsatlas.com/matches/r0MQ7aUo6FoQ/broadcast_nickname?player=2","webpage_control_level":0,"width":1500},"sync":0,"versioned_id":"browser_source","volume":1.0},{"balance":0.5,"deinterlace_field_order":0,"deinterlace_mode":0,"enabled":true,"flags":0,"hotkeys":{"ObsBrowser.Refresh":[],"libobs.mute":[],"libobs.push-to-mute":[],"libobs.push-to-talk":[],"libobs.unmute":[]},"id":"browser_source","mixers":255,"monitoring_type":0,"muted":false,"name":"[DA] Nickname - P1","prev_ver":453115908,"private_settings":{},"push-to-mute":false,"push-to-mute-delay":0,"push-to-talk":false,"push-to-talk-delay":0,"settings":{"css":"","fps":1,"fps_custom":true,"height":90,"reroute_audio":false,"url":"https://www.dartsatlas.com/matches/r0MQ7aUo6FoQ/broadcast_nickname?player=1","webpage_control_level":0,"width":1500},"sync":0,"versioned_id":"browser_source","volume":1.0},{"balance":0.5,"deinterlace_field_order":0,"deinterlace_mode":0,"enabled":true,"flags":0,"hotkeys":{"ObsBrowser.Refresh":[],"libobs.mute":[],"libobs.push-to-mute":[],"libobs.push-to-talk":[],"libobs.unmute":[]},"id":"browser_source","mixers":255,"monitoring_type":0,"muted":false,"name":"[DA] Match Summary","prev_ver":453115908,"private_settings":{},"push-to-mute":false,"push-to-mute-delay":0,"push-to-talk":false,"push-to-talk-delay":0,"settings":{"css":"","fps":1,"fps_custom":true,"height":1140,"restart_when_active":false,"shutdown":false,"url":"https://www.dartsatlas.com/matches/r0MQ7aUo6FoQ/broadcast_summary?theme_color=FF0000&text_color=FFFFFF","webpage_control_level":0,"width":2340},"sync":0,"versioned_id":"browser_source","volume":1.0},{"balance":0.5,"deinterlace_field_order":0,"deinterlace_mode":0,"enabled":true,"flags":0,"hotkeys":{"ObsBrowser.Refresh":[],"libobs.mute":[],"libobs.push-to-mute":[],"libobs.push-to-talk":[],"libobs.unmute":[]},"id":"browser_source","mixers":255,"monitoring_type":0,"muted":false,"name":"[DA] Scoreboard - Stacked","prev_ver":453115908,"private_settings":{},"push-to-mute":false,"push-to-mute-delay":0,"push-to-talk":false,"push-to-talk-delay":0,"settings":{"css":"","fps_custom":false,"height":330,"url":"https://www.dartsatlas.com/matches/r0MQ7aUo6FoQ/broadcast?mode=tv&theme_color=FF0000&text_color=FFFFFF","webpage_control_level":0,"width":1650},"sync":0,"versioned_id":"browser_source","volume":1.0},{"balance":0.5,"deinterlace_field_order":0,"deinterlace_mode":0,"enabled":true,"flags":0,"hotkeys":{"ObsBrowser.Refresh":[],"libobs.mute":[],"libobs.push-to-mute":[],"libobs.push-to-talk":[],"libobs.unmute":[]},"id":"browser_source","mixers":255,"monitoring_type":0,"muted":false,"name":"[DA] Match Stats - Stacked","prev_ver":453115908,"private_settings":{},"push-to-mute":false,"push-to-mute-delay":0,"push-to-talk":false,"push-to-talk-delay":0,"settings":{"css":"","fps":1,"fps_custom":true,"height":330,"reroute_audio":false,"restart_when_active":false,"shutdown":false,"url":"https://www.dartsatlas.com/matches/r0MQ7aUo6FoQ/broadcast_tv_stats?theme_color=FF0000&text_color=FFFFFF","webpage_control_level":0,"width":1020},"sync":0,"versioned_id":"browser_source","volume":1.0},{"balance":0.5,"deinterlace_field_order":0,"deinterlace_mode":0,"enabled":true,"flags":0,"hotkeys":{"ObsBrowser.Refresh":[],"libobs.mute":[],"libobs.push-to-mute":[],"libobs.push-to-talk":[],"libobs.unmute":[]},"id":"browser_source","mixers":255,"monitoring_type":0,"muted":false,"name":"[DA] Name - P2","prev_ver":453115908,"private_settings":{},"push-to-mute":false,"push-to-mute-delay":0,"push-to-talk":false,"push-to-talk-delay":0,"settings":{"css":"","fps":1,"fps_custom":true,"height":120,"url":"https://www.dartsatlas.com/matches/r0MQ7aUo6FoQ/broadcast_name?player=2","webpage_control_level":0,"width":1500},"sync":0,"versioned_id":"browser_source","volume":1.0},{"balance":0.5,"deinterlace_field_order":0,"deinterlace_mode":0,"enabled":true,"flags":0,"hotkeys":{"ObsBrowser.Refresh":[],"libobs.mute":[],"libobs.push-to-mute":[],"libobs.push-to-talk":[],"libobs.unmute":[]},"id":"browser_source","mixers":255,"monitoring_type":0,"muted":false,"name":"[DA] Name - P1","prev_ver":453115908,"private_settings":{},"push-to-mute":false,"push-to-mute-delay":0,"push-to-talk":false,"push-to-talk-delay":0,"settings":{"css":"","fps":1,"fps_custom":true,"height":120,"url":"https://www.dartsatlas.com/matches/r0MQ7aUo6FoQ/broadcast_name?player=1","width":1500},"sync":0,"versioned_id":"browser_source","volume":1.0},{"balance":0.5,"deinterlace_field_order":0,"deinterlace_mode":0,"enabled":true,"flags":0,"hotkeys":{"ObsBrowser.Refresh":[],"libobs.mute":[],"libobs.push-to-mute":[],"libobs.push-to-talk":[],"libobs.unmute":[]},"id":"browser_source","mixers":255,"monitoring_type":0,"muted":false,"name":"[DA] Dart Counts - Stacked - Page 1","prev_ver":453115908,"private_settings":{},"push-to-mute":false,"push-to-mute-delay":0,"push-to-talk":false,"push-to-talk-delay":0,"settings":{"css":"","fps":1,"fps_custom":true,"height":330,"reroute_audio":false,"restart_when_active":false,"shutdown":false,"url":"https://www.dartsatlas.com/matches/r0MQ7aUo6FoQ/broadcast_tv_dart_counts?theme_color=FF0000&text_color=FFFFFF&page=1","webpage_control_level":0,"width":1500},"sync":0,"versioned_id":"browser_source","volume":1.0},{"balance":0.5,"deinterlace_field_order":0,"deinterlace_mode":0,"enabled":true,"flags":0,"hotkeys":{"ObsBrowser.Refresh":[],"libobs.mute":[],"libobs.push-to-mute":[],"libobs.push-to-talk":[],"libobs.unmute":[]},"id":"browser_source","mixers":255,"monitoring_type":0,"muted":false,"name":"[DA] Match Preview","prev_ver":453115908,"private_settings":{},"push-to-mute":false,"push-to-mute-delay":0,"push-to-talk":false,"push-to-talk-delay":0,"settings":{"css":"","fps":1,"fps_custom":true,"height":1140,"restart_when_active":false,"url":"https://www.dartsatlas.com/matches/r0MQ7aUo6FoQ/broadcast_preview?theme_color=FF0000&text_color=FFFFFF","webpage_control_level":0,"width":2340},"sync":0,"versioned_id":"browser_source","volume":1.0},{"balance":0.5,"deinterlace_field_order":0,"deinterlace_mode":0,"enabled":true,"flags":0,"hotkeys":{"ObsBrowser.Refresh":[],"libobs.mute":[],"libobs.push-to-mute":[],"libobs.push-to-talk":[],"libobs.unmute":[]},"id":"browser_source","mixers":255,"monitoring_type":0,"muted":false,"name":"[DA] Standings","prev_ver":453115908,"private_settings":{},"push-to-mute":false,"push-to-mute-delay":0,"push-to-talk":false,"push-to-talk-delay":0,"settings":{"css":"","fps":1,"fps_custom":true,"height":1600,"restart_when_active":false,"url":"https://www.dartsatlas.com/matches/r0MQ7aUo6FoQ/season_standings?theme_color=FF0000&text_color=FFFFFF","webpage_control_level":0,"width":1800},"sync":0,"versioned_id":"browser_source","volume":1.0},{"balance":0.5,"deinterlace_field_order":0,"deinterlace_mode":0,"enabled":true,"flags":0,"hotkeys":{"ObsBrowser.Refresh":[],"libobs.mute":[],"libobs.push-to-mute":[],"libobs.push-to-talk":[],"libobs.unmute":[]},"id":"browser_source","mixers":255,"monitoring_type":0,"muted":false,"name":"[DA] Dart Counts - Stacked - Page 2","prev_ver":453115908,"private_settings":{},"push-to-mute":false,"push-to-mute-delay":0,"push-to-talk":false,"push-to-talk-delay":0,"settings":{"css":"","fps":1,"fps_custom":true,"height":330,"url":"https://www.dartsatlas.com/matches/r0MQ7aUo6FoQ/broadcast_tv_dart_counts?theme_color=FF0000&text_color=FFFFFF&page=2","webpage_control_level":0,"width":1500},"sync":0,"versioned_id":"browser_source","volume":1.0},{"balance":0.5,"deinterlace_field_order":0,"deinterlace_mode":0,"enabled":true,"flags":0,"hotkeys":{"ObsBrowser.Refresh":[],"libobs.mute":[],"libobs.push-to-mute":[],"libobs.push-to-talk":[],"libobs.unmute":[]},"id":"browser_source","mixers":255,"monitoring_type":0,"muted":false,"name":"[DA] Dart Counts - Stacked - Page 3","prev_ver":453115908,"private_settings":{},"push-to-mute":false,"push-to-mute-delay":0,"push-to-talk":false,"push-to-talk-delay":0,"settings":{"css":"","fps":1,"fps_custom":true,"height":330,"reroute_audio":false,"restart_when_active":false,"shutdown":false,"url":"https://www.dartsatlas.com/matches/r0MQ7aUo6FoQ/broadcast_tv_dart_counts?theme_color=FF0000&text_color=FFFFFF&page=3","webpage_control_level":0,"width":1500},"sync":0,"versioned_id":"browser_source","volume":1.0},{"balance":0.5,"deinterlace_field_order":0,"deinterlace_mode":0,"enabled":true,"flags":0,"hotkeys":{"OBSBasic.SelectScene":[]},"id":"scene","mixers":0,"monitoring_type":0,"muted":false,"name":"Black","prev_ver":453115908,"private_settings":{},"push-to-mute":false,"push-to-mute-delay":0,"push-to-talk":false,"push-to-talk-delay":0,"settings":{"custom_size":false,"id_counter":0,"items":[]},"sync":0,"versioned_id":"scene","volume":1.0},{"balance":0.5,"deinterlace_field_order":0,"deinterlace_mode":0,"enabled":true,"flags":0,"hotkeys":{"OBSBasic.SelectScene":[],"libobs.hide_scene_item.Ticker":[],"libobs.hide_scene_item.[DA] Match Summary":[],"libobs.hide_scene_item.[DA] Media Shot - P1":[],"libobs.hide_scene_item.[DA] Media Shot - P2":[],"libobs.hide_scene_item.[DA] Name - P1":[],"libobs.hide_scene_item.[DA] Name - P2":[],"libobs.hide_scene_item.[DA] Nickname - P1":[],"libobs.hide_scene_item.[DA] Nickname - P2":[],"libobs.show_scene_item.Ticker":[],"libobs.show_scene_item.[DA] Match Summary":[],"libobs.show_scene_item.[DA] Media Shot - P1":[],"libobs.show_scene_item.[DA] Media Shot - P2":[],"libobs.show_scene_item.[DA] Name - P1":[],"libobs.show_scene_item.[DA] Name - P2":[],"libobs.show_scene_item.[DA] Nickname - P1":[],"libobs.show_scene_item.[DA] Nickname - P2":[]},"id":"scene","mixers":0,"monitoring_type":0,"muted":false,"name":"Summary","prev_ver":453115908,"private_settings":{},"push-to-mute":false,"push-to-mute-delay":0,"push-to-talk":false,"push-to-talk-delay":0,"settings":{"custom_size":false,"id_counter":10,"items":[{"align":5,"blend_type":"normal","bounds":{"x":1.0,"y":1.0},"bounds_align":0,"bounds_type":0,"crop_bottom":0,"crop_left":0,"crop_right":0,"crop_top":0,"group_item_backup":false,"hide_transition":{"duration":0},"id":8,"locked":true,"name":"[DA] Match Summary","pos":{"x":638.57147216796875,"y":510.0},"private_settings":{},"rot":0.0,"scale":{"x":1.0952380895614624,"y":1.0},"scale_filter":"disable","show_transition":{"duration":0},"visible":true},{"align":5,"blend_type":"normal","bounds":{"x":1.0,"y":1.0},"bounds_align":0,"bounds_type":0,"crop_bottom":0,"crop_left":0,"crop_right":0,"crop_top":0,"group_item_backup":false,"hide_transition":{"duration":0},"id":2,"locked":true,"name":"[DA] Name - P2","pos":{"x":2250.0,"y":344.0},"private_settings":{},"rot":0.0,"scale":{"x":1.0,"y":1.0},"scale_filter":"disable","show_transition":{"duration":0},"visible":true},{"align":5,"blend_type":"normal","bounds":{"x":1.0,"y":1.0},"bounds_align":0,"bounds_type":0,"crop_bottom":0,"crop_left":0,"crop_right":0,"crop_top":0,"group_item_backup":false,"hide_transition":{"duration":0},"id":3,"locked":true,"name":"[DA] Nickname - P2","pos":{"x":2250.0,"y":240.0},"private_settings":{},"rot":0.0,"scale":{"x":1.0,"y":1.0},"scale_filter":"disable","show_transition":{"duration":0},"visible":true},{"align":5,"blend_type":"normal","bounds":{"x":1.0,"y":1.0},"bounds_align":0,"bounds_type":0,"crop_bottom":0,"crop_left":0,"crop_right":0,"crop_top":0,"group_item_backup":false,"hide_transition":{"duration":0},"id":4,"locked":true,"name":"[DA] Name - P1","pos":{"x":90.0,"y":344.0},"private_settings":{},"rot":0.0,"scale":{"x":1.0,"y":1.0},"scale_filter":"disable","show_transition":{"duration":0},"visible":true},{"align":5,"blend_type":"normal","bounds":{"x":1.0,"y":1.0},"bounds_align":0,"bounds_type":0,"crop_bottom":0,"crop_left":0,"crop_right":0,"crop_top":0,"group_item_backup":false,"hide_transition":{"duration":0},"id":5,"locked":true,"name":"[DA] Nickname - P1","pos":{"x":90.0,"y":240.0},"private_settings":{},"rot":0.0,"scale":{"x":1.0,"y":1.0},"scale_filter":"disable","show_transition":{"duration":0},"visible":true},{"align":5,"blend_type":"normal","bounds":{"x":1.0,"y":1.0},"bounds_align":0,"bounds_type":0,"crop_bottom":0,"crop_left":0,"crop_right":0,"crop_top":0,"group_item_backup":false,"hide_transition":{"duration":0},"id":6,"locked":true,"name":"[DA] Media Shot - P2","pos":{"x":3150.0,"y":480.0},"private_settings":{},"rot":0.0,"scale":{"x":1.0,"y":1.0},"scale_filter":"disable","show_transition":{"duration":0},"visible":true},{"align":5,"blend_type":"normal","bounds":{"x":0.0,"y":0.0},"bounds_align":0,"bounds_type":0,"crop_bottom":0,"crop_left":0,"crop_right":0,"crop_top":0,"group_item_backup":false,"hide_transition":{"duration":0},"id":7,"locked":true,"name":"[DA] Media Shot - P1","pos":{"x":89.0,"y":480.0},"private_settings":{},"rot":0.0,"scale":{"x":1.0,"y":1.0},"scale_filter":"disable","show_transition":{"duration":0},"visible":true},{"align":5,"blend_type":"normal","bounds":{"x":0.0,"y":0.0},"bounds_align":0,"bounds_type":0,"crop_bottom":0,"crop_left":0,"crop_right":0,"crop_top":0,"group_item_backup":false,"hide_transition":{"duration":0},"id":9,"locked":true,"name":"Ticker","pos":{"x":0.0,"y":2070.0},"private_settings":{},"rot":0.0,"scale":{"x":1.0,"y":1.0},"scale_filter":"disable","show_transition":{"duration":0},"visible":true}]},"sync":0,"versioned_id":"scene","volume":1.0},{"balance":0.5,"deinterlace_field_order":0,"deinterlace_mode":0,"enabled":true,"flags":0,"hotkeys":{"ObsBrowser.Refresh":[],"libobs.mute":[],"libobs.push-to-mute":[],"libobs.push-to-talk":[],"libobs.unmute":[]},"id":"browser_source","mixers":255,"monitoring_type":0,"muted":false,"name":"Ticker","prev_ver":453115908,"private_settings":{},"push-to-mute":false,"push-to-mute-delay":0,"push-to-talk":false,"push-to-talk-delay":0,"settings":{"css":"","height":90,"shutdown":true,"url":"https://www.dartsatlas.com/matches/r0MQ7aUo6FoQ/broadcast_ticker?resolution=4k","webpage_control_level":0,"width":3840},"sync":0,"versioned_id":"browser_source","volume":1.0}],"transition_duration":300,"transitions":[]}