{"AuxAudioDevice1":{"balance":0.5,"deinterlace_field_order":0,"deinterlace_mode":0,"enabled":true,"filters":[{"balance":0.5,"deinterlace_field_order":0,"deinterlace_mode":0,"enabled":true,"flags":0,"hotkeys":{},"id":"noise_gate_filter","mixers":255,"monitoring_type":0,"muted":false,"name":"Noise Gate","prev_ver":453115908,"private_settings":{},"push-to-mute":false,"push-to-mute-delay":0,"push-to-talk":false,"push-to-talk-delay":0,"settings":{"close_threshold":-37,"open_threshold":-26},"sync":0,"versioned_id":"noise_gate_filter","volume":1.0},{"balance":0.5,"deinterlace_field_order":0,"deinterlace_mode":0,"enabled":true,"flags":0,"hotkeys":{},"id":"noise_suppress_filter","mixers":255,"monitoring_type":0,"muted":false,"name":"Noise Suppression","prev_ver":453115908,"private_settings":{},"push-to-mute":false,"push-to-mute-delay":0,"push-to-talk":false,"push-to-talk-delay":0,"settings":{"method":"rnnoise"},"sync":0,"versioned_id":"noise_suppress_filter_v2","volume":1.0}],"flags":0,"hotkeys":{"libobs.mute":[],"libobs.push-to-mute":[],"libobs.push-to-talk":[],"libobs.unmute":[]},"id":"coreaudio_input_capture","mixers":255,"monitoring_type":0,"muted":true,"name":"Mic/Aux","prev_ver":453115908,"private_settings":{},"push-to-mute":false,"push-to-mute-delay":0,"push-to-talk":false,"push-to-talk-delay":0,"settings":{"device_id":"AppleUSBAudioEngine:Antlion Audio:Antlion USB Microphone:1143000:1"},"sync":0,"versioned_id":"coreaudio_input_capture","volume":0.84922903776168823},"DesktopAudioDevice1":{"balance":0.5,"deinterlace_field_order":0,"deinterlace_mode":0,"enabled":true,"flags":0,"hotkeys":{"libobs.mute":[],"libobs.push-to-mute":[],"libobs.push-to-talk":[],"libobs.unmute":[]},"id":"coreaudio_output_capture","mixers":255,"monitoring_type":0,"muted":false,"name":"Desktop Audio","prev_ver":453115908,"private_settings":{},"push-to-mute":false,"push-to-mute-delay":0,"push-to-talk":false,"push-to-talk-delay":0,"settings":{"device_id":"SoundflowerEngine:0"},"sync":0,"versioned_id":"coreaudio_output_capture","volume":0.0},"current_program_scene":"Black","current_scene":"Black","current_transition":"Fade","groups":[],"modules":{"auto-scene-switcher":{"active":false,"interval":300,"non_matching_scene":"","switch_if_not_matching":false,"switches":[]},"decklink_captions":{"source":""},"output-timer":{"autoStartRecordTimer":false,"autoStartStreamTimer":false,"pauseRecordTimer":true,"recordTimerHours":0,"recordTimerMinutes":0,"recordTimerSeconds":30,"streamTimerHours":0,"streamTimerMinutes":0,"streamTimerSeconds":30},"scripts-tool":[]},"name":"DA 720","preview_locked":false,"quick_transitions":[{"duration":300,"fade_to_black":false,"hotkeys":[],"id":11,"name":"Cut"},{"duration":300,"fade_to_black":false,"hotkeys":[],"id":12,"name":"Fade"},{"duration":300,"fade_to_black":true,"hotkeys":[],"id":13,"name":"Fade"}],"saved_projectors":[],"scaling_enabled":false,"scaling_level":0,"scaling_off_x":0.0,"scaling_off_y":0.0,"scene_order":[{"name":"Black"},{"name":"Table"},{"name":"Preview"},{"name":"Match"},{"name":"Summary"}],"sources":[{"balance":0.5,"deinterlace_field_order":0,"deinterlace_mode":0,"enabled":true,"flags":0,"hotkeys":{},"id":"color_source","mixers":0,"monitoring_type":0,"muted":false,"name":"Color Block","prev_ver":453115908,"private_settings":{},"push-to-mute":false,"push-to-mute-delay":0,"push-to-talk":false,"push-to-talk-delay":0,"settings":{"color":4279437536,"height":100,"width":1280},"sync":0,"versioned_id":"color_source_v3","volume":1.0},{"balance":0.5,"deinterlace_field_order":0,"deinterlace_mode":0,"enabled":true,"flags":0,"hotkeys":{"ObsBrowser.Refresh":[],"libobs.mute":[],"libobs.push-to-mute":[],"libobs.push-to-talk":[],"libobs.unmute":[]},"id":"browser_source","mixers":255,"monitoring_type":0,"muted":false,"name":"[DA] Media Shot - P2","prev_ver":453115908,"private_settings":{},"push-to-mute":false,"push-to-mute-delay":0,"push-to-talk":false,"push-to-talk-delay":0,"settings":{"css":"","fps":1,"fps_custom":true,"height":400,"url":"https://www.dartsatlas.com/matches//broadcast_media_shot?player=2","webpage_control_level":0,"width":200},"sync":0,"versioned_id":"browser_source","volume":1.0},{"balance":0.5,"deinterlace_field_order":0,"deinterlace_mode":0,"enabled":true,"flags":0,"hotkeys":{"ObsBrowser.Refresh":[],"libobs.mute":[],"libobs.push-to-mute":[],"libobs.push-to-talk":[],"libobs.unmute":[]},"id":"browser_source","mixers":255,"monitoring_type":0,"muted":false,"name":"[DA] Media Shot - P1","prev_ver":453115908,"private_settings":{},"push-to-mute":false,"push-to-mute-delay":0,"push-to-talk":false,"push-to-talk-delay":0,"settings":{"css":"","fps":1,"fps_custom":true,"height":400,"url":"https://www.dartsatlas.com/matches//broadcast_media_shot?player=1","webpage_control_level":0,"width":200},"sync":0,"versioned_id":"browser_source","volume":1.0},{"balance":0.5,"deinterlace_field_order":0,"deinterlace_mode":0,"enabled":true,"flags":0,"hotkeys":{"OBSBasic.SelectScene":[],"libobs.hide_scene_item.Ticker":[],"libobs.hide_scene_item.[DA] Dart Counts - Stacked - Page 1":[],"libobs.hide_scene_item.[DA] Dart Counts - Stacked - Page 2":[],"libobs.hide_scene_item.[DA] Dart Counts - Stacked - Page 3":[],"libobs.hide_scene_item.[DA] Match Stats - Stacked":[],"libobs.hide_scene_item.[DA] Scoreboard - Stacked":[],"libobs.show_scene_item.Ticker":[],"libobs.show_scene_item.[DA] Dart Counts - Stacked - Page 1":[],"libobs.show_scene_item.[DA] Dart Counts - Stacked - Page 2":[],"libobs.show_scene_item.[DA] Dart Counts - Stacked - Page 3":[],"libobs.show_scene_item.[DA] Match Stats - Stacked":[],"libobs.show_scene_item.[DA] Scoreboard - Stacked":[]},"id":"scene","mixers":0,"monitoring_type":0,"muted":false,"name":"Match","prev_ver":453115908,"private_settings":{},"push-to-mute":false,"push-to-mute-delay":0,"push-to-talk":false,"push-to-talk-delay":0,"settings":{"custom_size":false,"id_counter":9,"items":[{"align":5,"blend_type":"normal","bounds":{"x":1.0,"y":1.0},"bounds_align":0,"bounds_type":0,"crop_bottom":0,"crop_left":0,"crop_right":0,"crop_top":0,"group_item_backup":false,"hide_transition":{"duration":300,"id":"slide_transition","name":"[DA] Scoreboard - Stacked Hide Transition","transition":{"direction":"left"},"versioned_id":"slide_transition"},"id":4,"locked":true,"name":"[DA] Scoreboard - Stacked","pos":{"x":552.0,"y":538.0},"private_settings":{},"rot":0.0,"scale":{"x":1.0,"y":1.0},"scale_filter":"disable","show_transition":{"duration":300,"id":"slide_transition","name":"[DA] Scoreboard - Stacked Show Transition","transition":{"direction":"right"},"versioned_id":"slide_transition"},"visible":true},{"align":5,"blend_type":"normal","bounds":{"x":0.0,"y":0.0},"bounds_align":0,"bounds_type":0,"crop_bottom":0,"crop_left":0,"crop_right":0,"crop_top":0,"group_item_backup":false,"hide_transition":{"duration":300,"id":"slide_transition","name":"[DA] Match Stats - Stacked Hide Transition","transition":{"direction":"right"},"versioned_id":"slide_transition"},"id":5,"locked":true,"name":"[DA] Match Stats - Stacked","pos":{"x":300.0,"y":538.0},"private_settings":{},"rot":0.0,"scale":{"x":1.0,"y":1.0},"scale_filter":"disable","show_transition":{"duration":300,"id":"slide_transition","name":"[DA] Match Stats - Stacked Show Transition","transition":{"direction":"left"},"versioned_id":"slide_transition"},"visible":false},{"align":5,"blend_type":"normal","bounds":{"x":0.0,"y":0.0},"bounds_align":0,"bounds_type":0,"crop_bottom":0,"crop_left":0,"crop_right":0,"crop_top":0,"group_item_backup":false,"hide_transition":{"duration":300,"id":"slide_transition","name":"[DA] Dart Counts - Stacked - Page 1 Hide Transition","transition":{"direction":"right"},"versioned_id":"slide_transition"},"id":6,"locked":true,"name":"[DA] Dart Counts - Stacked - Page 1","pos":{"x":140.0,"y":538.0},"private_settings":{},"rot":0.0,"scale":{"x":1.0,"y":1.0},"scale_filter":"disable","show_transition":{"duration":300,"id":"slide_transition","name":"[DA] Dart Counts - Stacked - Page 1 Show Transition","transition":{"direction":"left"},"versioned_id":"slide_transition"},"visible":false},{"align":5,"blend_type":"normal","bounds":{"x":0.0,"y":0.0},"bounds_align":0,"bounds_type":0,"crop_bottom":0,"crop_left":0,"crop_right":0,"crop_top":0,"group_item_backup":false,"hide_transition":{"duration":300,"id":"slide_transition","name":"[DA] Dart Counts - Stacked - Page 2 Hide Transition","transition":{"direction":"right"},"versioned_id":"slide_transition"},"id":7,"locked":true,"name":"[DA] Dart Counts - Stacked - Page 2","pos":{"x":140.0,"y":538.0},"private_settings":{},"rot":0.0,"scale":{"x":1.0,"y":1.0},"scale_filter":"disable","show_transition":{"duration":300,"id":"slide_transition","name":"[DA] Dart Counts - Stacked - Page 2 Show Transition","transition":{"direction":"left"},"versioned_id":"slide_transition"},"visible":false},{"align":5,"blend_type":"normal","bounds":{"x":0.0,"y":0.0},"bounds_align":0,"bounds_type":0,"crop_bottom":0,"crop_left":0,"crop_right":0,"crop_top":0,"group_item_backup":false,"hide_transition":{"duration":300,"id":"slide_transition","name":"[DA] Dart Counts - Stacked - Page 3 Hide Transition","transition":{"direction":"right"},"versioned_id":"slide_transition"},"id":8,"locked":true,"name":"[DA] Dart Counts - Stacked - Page 3","pos":{"x":140.0,"y":538.0},"private_settings":{},"rot":0.0,"scale":{"x":1.0,"y":1.0},"scale_filter":"disable","show_transition":{"duration":300,"id":"slide_transition","name":"[DA] Dart Counts - Stacked - Page 3 Show Transition","transition":{"direction":"left"},"versioned_id":"slide_transition"},"visible":false},{"align":5,"blend_type":"normal","bounds":{"x":0.0,"y":0.0},"bounds_align":0,"bounds_type":0,"crop_bottom":0,"crop_left":0,"crop_right":0,"crop_top":0,"group_item_backup":false,"hide_transition":{"duration":0},"id":9,"locked":true,"name":"Ticker","pos":{"x":0.0,"y":690.0},"private_settings":{},"rot":0.0,"scale":{"x":1.0,"y":1.0},"scale_filter":"disable","show_transition":{"duration":0},"visible":true}]},"sync":0,"versioned_id":"scene","volume":1.0},{"balance":0.5,"deinterlace_field_order":0,"deinterlace_mode":0,"enabled":true,"flags":0,"hotkeys":{"OBSBasic.SelectScene":[],"libobs.hide_scene_item.Color Block":[],"libobs.hide_scene_item.Ticker":[],"libobs.hide_scene_item.[DA] Match Preview":[],"libobs.hide_scene_item.[DA] Media Shot - P1":[],"libobs.hide_scene_item.[DA] Media Shot - P2":[],"libobs.hide_scene_item.[DA] Name - P1":[],"libobs.hide_scene_item.[DA] Name - P2":[],"libobs.hide_scene_item.[DA] Nickname - P1":[],"libobs.hide_scene_item.[DA] Nickname - P2":[],"libobs.show_scene_item.Color Block":[],"libobs.show_scene_item.Ticker":[],"libobs.show_scene_item.[DA] Match Preview":[],"libobs.show_scene_item.[DA] Media Shot - P1":[],"libobs.show_scene_item.[DA] Media Shot - P2":[],"libobs.show_scene_item.[DA] Name - P1":[],"libobs.show_scene_item.[DA] Name - P2":[],"libobs.show_scene_item.[DA] Nickname - P1":[],"libobs.show_scene_item.[DA] Nickname - P2":[]},"id":"scene","mixers":0,"monitoring_type":0,"muted":false,"name":"Preview","prev_ver":453115908,"private_settings":{},"push-to-mute":false,"push-to-mute-delay":0,"push-to-talk":false,"push-to-talk-delay":0,"settings":{"custom_size":false,"id_counter":21,"items":[{"align":5,"blend_type":"normal","bounds":{"x":0.0,"y":0.0},"bounds_align":0,"bounds_type":0,"crop_bottom":0,"crop_left":0,"crop_right":0,"crop_top":0,"group_item_backup":false,"hide_transition":{"duration":0},"id":5,"locked":true,"name":"Color Block","pos":{"x":0.0,"y":104.0},"private_settings":{},"rot":0.0,"scale":{"x":1.0,"y":1.0},"scale_filter":"disable","show_transition":{"duration":0},"visible":true},{"align":5,"blend_type":"normal","bounds":{"x":1.0,"y":1.0},"bounds_align":0,"bounds_type":0,"crop_bottom":0,"crop_left":0,"crop_right":0,"crop_top":0,"group_item_backup":false,"hide_transition":{"duration":0},"id":1,"locked":true,"name":"[DA] Match Preview","pos":{"x":212.85711669921875,"y":242.0},"private_settings":{},"rot":0.0,"scale":{"x":1.0952380895614624,"y":1.0},"scale_filter":"disable","show_transition":{"duration":0},"visible":true},{"align":5,"blend_type":"normal","bounds":{"x":1.0,"y":1.0},"bounds_align":0,"bounds_type":0,"crop_bottom":0,"crop_left":0,"crop_right":0,"crop_top":0,"group_item_backup":false,"hide_transition":{"duration":0},"id":17,"locked":true,"name":"[DA] Name - P2","pos":{"x":680.0,"y":148.0},"private_settings":{},"rot":0.0,"scale":{"x":1.0,"y":1.0},"scale_filter":"disable","show_transition":{"duration":0},"visible":true},{"align":5,"blend_type":"normal","bounds":{"x":1.0,"y":1.0},"bounds_align":0,"bounds_type":0,"crop_bottom":0,"crop_left":0,"crop_right":0,"crop_top":0,"group_item_backup":false,"hide_transition":{"duration":0},"id":18,"locked":true,"name":"[DA] Nickname - P2","pos":{"x":680.0,"y":118.0},"private_settings":{},"rot":0.0,"scale":{"x":1.0,"y":1.0},"scale_filter":"disable","show_transition":{"duration":0},"visible":true},{"align":5,"blend_type":"normal","bounds":{"x":1.0,"y":1.0},"bounds_align":0,"bounds_type":0,"crop_bottom":0,"crop_left":0,"crop_right":0,"crop_top":0,"group_item_backup":false,"hide_transition":{"duration":0},"id":19,"locked":true,"name":"[DA] Name - P1","pos":{"x":100.0,"y":148.0},"private_settings":{},"rot":0.0,"scale":{"x":1.0,"y":1.0},"scale_filter":"disable","show_transition":{"duration":0},"visible":true},{"align":5,"blend_type":"normal","bounds":{"x":1.0,"y":1.0},"bounds_align":0,"bounds_type":0,"crop_bottom":0,"crop_left":0,"crop_right":0,"crop_top":0,"group_item_backup":false,"hide_transition":{"duration":0},"id":20,"locked":true,"name":"[DA] Nickname - P1","pos":{"x":100.0,"y":118.0},"private_settings":{},"rot":0.0,"scale":{"x":1.0,"y":1.0},"scale_filter":"disable","show_transition":{"duration":0},"visible":true},{"align":5,"blend_type":"normal","bounds":{"x":1.0,"y":1.0},"bounds_align":0,"bounds_type":0,"crop_bottom":0,"crop_left":0,"crop_right":0,"crop_top":0,"group_item_backup":false,"hide_transition":{"duration":0},"id":10,"locked":true,"name":"[DA] Media Shot - P2","pos":{"x":1080.0,"y":186.0},"private_settings":{},"rot":0.0,"scale":{"x":1.0,"y":1.0},"scale_filter":"disable","show_transition":{"duration":0},"visible":true},{"align":5,"blend_type":"normal","bounds":{"x":0.0,"y":0.0},"bounds_align":0,"bounds_type":0,"crop_bottom":0,"crop_left":0,"crop_right":0,"crop_top":0,"group_item_backup":false,"hide_transition":{"duration":0},"id":14,"locked":true,"name":"[DA] Media Shot - P1","pos":{"x":0.0,"y":186.0},"private_settings":{},"rot":0.0,"scale":{"x":1.0,"y":1.0},"scale_filter":"disable","show_transition":{"duration":0},"visible":true},{"align":5,"blend_type":"normal","bounds":{"x":0.0,"y":0.0},"bounds_align":0,"bounds_type":0,"crop_bottom":0,"crop_left":0,"crop_right":0,"crop_top":0,"group_item_backup":false,"hide_transition":{"duration":0},"id":21,"locked":true,"name":"Ticker","pos":{"x":0.0,"y":690.0},"private_settings":{},"rot":0.0,"scale":{"x":1.0,"y":1.0},"scale_filter":"disable","show_transition":{"duration":0},"visible":true}]},"sync":0,"versioned_id":"scene","volume":1.0},{"balance":0.5,"deinterlace_field_order":0,"deinterlace_mode":0,"enabled":true,"flags":0,"hotkeys":{"OBSBasic.SelectScene":[],"libobs.hide_scene_item.Ticker":[],"libobs.hide_scene_item.[DA] Order of Merit":[],"libobs.hide_scene_item.[DA] Standings":[],"libobs.show_scene_item.Ticker":[],"libobs.show_scene_item.[DA] Order of Merit":[],"libobs.show_scene_item.[DA] Standings":[]},"id":"scene","mixers":0,"monitoring_type":0,"muted":false,"name":"Table","prev_ver":453115908,"private_settings":{},"push-to-mute":false,"push-to-mute-delay":0,"push-to-talk":false,"push-to-talk-delay":0,"settings":{"custom_size":false,"id_counter":6,"items":[{"align":5,"blend_type":"normal","bounds":{"x":0.0,"y":0.0},"bounds_align":0,"bounds_type":0,"crop_bottom":0,"crop_left":0,"crop_right":0,"crop_top":0,"group_item_backup":false,"hide_transition":{"duration":0},"id":2,"locked":true,"name":"[DA] Standings","pos":{"x":240.0,"y":80.0},"private_settings":{},"rot":0.0,"scale":{"x":1.0,"y":1.0},"scale_filter":"disable","show_transition":{"duration":0},"visible":true},{"align":5,"blend_type":"normal","bounds":{"x":0.0,"y":0.0},"bounds_align":0,"bounds_type":0,"crop_bottom":0,"crop_left":0,"crop_right":0,"crop_top":0,"group_item_backup":false,"hide_transition":{"duration":0},"id":6,"locked":true,"name":"[DA] Order of Merit","pos":{"x":240.0,"y":80.0},"private_settings":{},"rot":0.0,"scale":{"x":1.0,"y":1.0},"scale_filter":"disable","show_transition":{"duration":0},"visible":false},{"align":5,"blend_type":"normal","bounds":{"x":0.0,"y":0.0},"bounds_align":0,"bounds_type":0,"crop_bottom":0,"crop_left":0,"crop_right":0,"crop_top":0,"group_item_backup":false,"hide_transition":{"duration":0},"id":5,"locked":true,"name":"Ticker","pos":{"x":0.0,"y":690.0},"private_settings":{},"rot":0.0,"scale":{"x":1.0,"y":1.0},"scale_filter":"disable","show_transition":{"duration":0},"visible":true}]},"sync":0,"versioned_id":"scene","volume":1.0},{"balance":0.5,"deinterlace_field_order":0,"deinterlace_mode":0,"enabled":true,"flags":0,"hotkeys":{"ObsBrowser.Refresh":[],"libobs.mute":[],"libobs.push-to-mute":[],"libobs.push-to-talk":[],"libobs.unmute":[]},"id":"browser_source","mixers":255,"monitoring_type":0,"muted":false,"name":"[DA] Nickname - P2","prev_ver":453115908,"private_settings":{},"push-to-mute":false,"push-to-mute-delay":0,"push-to-talk":false,"push-to-talk-delay":0,"settings":{"css":"","fps":1,"fps_custom":true,"height":30,"reroute_audio":false,"restart_when_active":false,"shutdown":false,"url":"https://www.dartsatlas.com/matches//broadcast_nickname?player=2","webpage_control_level":0,"width":500},"sync":0,"versioned_id":"browser_source","volume":1.0},{"balance":0.5,"deinterlace_field_order":0,"deinterlace_mode":0,"enabled":true,"flags":0,"hotkeys":{"ObsBrowser.Refresh":[],"libobs.mute":[],"libobs.push-to-mute":[],"libobs.push-to-talk":[],"libobs.unmute":[]},"id":"browser_source","mixers":255,"monitoring_type":0,"muted":false,"name":"[DA] Nickname - P1","prev_ver":453115908,"private_settings":{},"push-to-mute":false,"push-to-mute-delay":0,"push-to-talk":false,"push-to-talk-delay":0,"settings":{"css":"","fps":1,"fps_custom":true,"height":30,"reroute_audio":false,"url":"https://www.dartsatlas.com/matches//broadcast_nickname?player=1","webpage_control_level":0,"width":500},"sync":0,"versioned_id":"browser_source","volume":1.0},{"balance":0.5,"deinterlace_field_order":0,"deinterlace_mode":0,"enabled":true,"flags":0,"hotkeys":{"ObsBrowser.Refresh":[],"libobs.mute":[],"libobs.push-to-mute":[],"libobs.push-to-talk":[],"libobs.unmute":[]},"id":"browser_source","mixers":255,"monitoring_type":0,"muted":false,"name":"[DA] Match Summary","prev_ver":453115908,"private_settings":{},"push-to-mute":false,"push-to-mute-delay":0,"push-to-talk":false,"push-to-talk-delay":0,"settings":{"css":"","fps":1,"fps_custom":true,"height":380,"restart_when_active":false,"shutdown":false,"url":"https://www.dartsatlas.com/matches//broadcast_summary?theme_color=E80510&text_color=FFFFFF","webpage_control_level":0,"width":780},"sync":0,"versioned_id":"browser_source","volume":1.0},{"balance":0.5,"deinterlace_field_order":0,"deinterlace_mode":0,"enabled":true,"flags":0,"hotkeys":{"ObsBrowser.Refresh":[],"libobs.mute":[],"libobs.push-to-mute":[],"libobs.push-to-talk":[],"libobs.unmute":[]},"id":"browser_source","mixers":255,"monitoring_type":0,"muted":false,"name":"[DA] Scoreboard - Stacked","prev_ver":453115908,"private_settings":{},"push-to-mute":false,"push-to-mute-delay":0,"push-to-talk":false,"push-to-talk-delay":0,"settings":{"css":"","fps_custom":false,"height":110,"url":"https://www.dartsatlas.com/matches/bqKzYpuzuS0w/broadcast?mode=tv&theme_color=E80510&text_color=FFFFFF","webpage_control_level":0,"width":550},"sync":0,"versioned_id":"browser_source","volume":1.0},{"balance":0.5,"deinterlace_field_order":0,"deinterlace_mode":0,"enabled":true,"flags":0,"hotkeys":{"ObsBrowser.Refresh":[],"libobs.mute":[],"libobs.push-to-mute":[],"libobs.push-to-talk":[],"libobs.unmute":[]},"id":"browser_source","mixers":255,"monitoring_type":0,"muted":false,"name":"[DA] Match Stats - Stacked","prev_ver":453115908,"private_settings":{},"push-to-mute":false,"push-to-mute-delay":0,"push-to-talk":false,"push-to-talk-delay":0,"settings":{"css":"","fps":1,"fps_custom":true,"height":110,"reroute_audio":false,"restart_when_active":false,"shutdown":false,"url":"https://www.dartsatlas.com/matches//broadcast_tv_stats?theme_color=E80510&text_color=FFFFFF","webpage_control_level":0,"width":340},"sync":0,"versioned_id":"browser_source","volume":1.0},{"balance":0.5,"deinterlace_field_order":0,"deinterlace_mode":0,"enabled":true,"flags":0,"hotkeys":{"ObsBrowser.Refresh":[],"libobs.mute":[],"libobs.push-to-mute":[],"libobs.push-to-talk":[],"libobs.unmute":[]},"id":"browser_source","mixers":255,"monitoring_type":0,"muted":false,"name":"[DA] Name - P2","prev_ver":453115908,"private_settings":{},"push-to-mute":false,"push-to-mute-delay":0,"push-to-talk":false,"push-to-talk-delay":0,"settings":{"css":"","fps":1,"fps_custom":true,"height":40,"url":"https://www.dartsatlas.com/matches//broadcast_name?player=2","webpage_control_level":0,"width":500},"sync":0,"versioned_id":"browser_source","volume":1.0},{"balance":0.5,"deinterlace_field_order":0,"deinterlace_mode":0,"enabled":true,"flags":0,"hotkeys":{"ObsBrowser.Refresh":[],"libobs.mute":[],"libobs.push-to-mute":[],"libobs.push-to-talk":[],"libobs.unmute":[]},"id":"browser_source","mixers":255,"monitoring_type":0,"muted":false,"name":"[DA] Name - P1","prev_ver":453115908,"private_settings":{},"push-to-mute":false,"push-to-mute-delay":0,"push-to-talk":false,"push-to-talk-delay":0,"settings":{"css":"","fps":1,"fps_custom":true,"height":40,"url":"https://www.dartsatlas.com/matches//broadcast_name?player=1","width":500},"sync":0,"versioned_id":"browser_source","volume":1.0},{"balance":0.5,"deinterlace_field_order":0,"deinterlace_mode":0,"enabled":true,"flags":0,"hotkeys":{"ObsBrowser.Refresh":[],"libobs.mute":[],"libobs.push-to-mute":[],"libobs.push-to-talk":[],"libobs.unmute":[]},"id":"browser_source","mixers":255,"monitoring_type":0,"muted":false,"name":"[DA] Dart Counts - Stacked - Page 1","prev_ver":453115908,"private_settings":{},"push-to-mute":false,"push-to-mute-delay":0,"push-to-talk":false,"push-to-talk-delay":0,"settings":{"css":"","fps":1,"fps_custom":true,"height":110,"reroute_audio":false,"restart_when_active":false,"shutdown":false,"url":"https://dartsatlas.ngrok.io/matches/JHXYSNXlocOO/broadcast_tv_dart_counts?theme_color=E80510&text_color=FFFFFF&page=1","webpage_control_level":0,"width":500},"sync":0,"versioned_id":"browser_source","volume":1.0},{"balance":0.5,"deinterlace_field_order":0,"deinterlace_mode":0,"enabled":true,"flags":0,"hotkeys":{"ObsBrowser.Refresh":[],"libobs.mute":[],"libobs.push-to-mute":[],"libobs.push-to-talk":[],"libobs.unmute":[]},"id":"browser_source","mixers":255,"monitoring_type":0,"muted":false,"name":"[DA] Match Preview","prev_ver":453115908,"private_settings":{},"push-to-mute":false,"push-to-mute-delay":0,"push-to-talk":false,"push-to-talk-delay":0,"settings":{"css":"","fps":1,"fps_custom":true,"height":380,"restart_when_active":false,"url":"https://www.dartsatlas.com/matches//broadcast_preview?theme_color=E80510&text_color=FFFFFF","webpage_control_level":0,"width":780},"sync":0,"versioned_id":"browser_source","volume":1.0},{"balance":0.5,"deinterlace_field_order":0,"deinterlace_mode":0,"enabled":true,"flags":0,"hotkeys":{"ObsBrowser.Refresh":[],"libobs.mute":[],"libobs.push-to-mute":[],"libobs.push-to-talk":[],"libobs.unmute":[]},"id":"browser_source","mixers":255,"monitoring_type":0,"muted":false,"name":"[DA] Standings","prev_ver":453115908,"private_settings":{},"push-to-mute":false,"push-to-mute-delay":0,"push-to-talk":false,"push-to-talk-delay":0,"settings":{"css":"","fps":1,"fps_custom":true,"height":560,"restart_when_active":true,"url":"https://www.dartsatlas.com/matches/r0MQ7aUo6FoQ/season_standings?theme_color=E80510&text_color=FFFFFF","webpage_control_level":0},"sync":0,"versioned_id":"browser_source","volume":1.0},{"balance":0.5,"deinterlace_field_order":0,"deinterlace_mode":0,"enabled":true,"flags":0,"hotkeys":{"ObsBrowser.Refresh":[],"libobs.mute":[],"libobs.push-to-mute":[],"libobs.push-to-talk":[],"libobs.unmute":[]},"id":"browser_source","mixers":255,"monitoring_type":0,"muted":false,"name":"[DA] Dart Counts - Stacked - Page 2","prev_ver":453115908,"private_settings":{},"push-to-mute":false,"push-to-mute-delay":0,"push-to-talk":false,"push-to-talk-delay":0,"settings":{"css":"","fps":1,"fps_custom":true,"height":110,"url":"https://www.dartsatlas.com/matches//broadcast_tv_dart_counts?theme_color=E80510&text_color=FFFFFF&page=2","webpage_control_level":0,"width":500},"sync":0,"versioned_id":"browser_source","volume":1.0},{"balance":0.5,"deinterlace_field_order":0,"deinterlace_mode":0,"enabled":true,"flags":0,"hotkeys":{"ObsBrowser.Refresh":[],"libobs.mute":[],"libobs.push-to-mute":[],"libobs.push-to-talk":[],"libobs.unmute":[]},"id":"browser_source","mixers":255,"monitoring_type":0,"muted":false,"name":"[DA] Dart Counts - Stacked - Page 3","prev_ver":453115908,"private_settings":{},"push-to-mute":false,"push-to-mute-delay":0,"push-to-talk":false,"push-to-talk-delay":0,"settings":{"css":"","fps":1,"fps_custom":true,"height":110,"reroute_audio":false,"restart_when_active":false,"shutdown":false,"url":"https://www.dartsatlas.com/matches//broadcast_tv_dart_counts?theme_color=E80510&text_color=FFFFFF&page=3","webpage_control_level":0,"width":500},"sync":0,"versioned_id":"browser_source","volume":1.0},{"balance":0.5,"deinterlace_field_order":0,"deinterlace_mode":0,"enabled":true,"flags":0,"hotkeys":{"OBSBasic.SelectScene":[],"libobs.hide_scene_item.Color Block":[],"libobs.hide_scene_item.Ticker":[],"libobs.hide_scene_item.[DA] Match Summary":[],"libobs.hide_scene_item.[DA] Media Shot - P1":[],"libobs.hide_scene_item.[DA] Media Shot - P2":[],"libobs.hide_scene_item.[DA] Name - P1":[],"libobs.hide_scene_item.[DA] Name - P2":[],"libobs.hide_scene_item.[DA] Nickname - P1":[],"libobs.hide_scene_item.[DA] Nickname - P2":[],"libobs.show_scene_item.Color Block":[],"libobs.show_scene_item.Ticker":[],"libobs.show_scene_item.[DA] Match Summary":[],"libobs.show_scene_item.[DA] Media Shot - P1":[],"libobs.show_scene_item.[DA] Media Shot - P2":[],"libobs.show_scene_item.[DA] Name - P1":[],"libobs.show_scene_item.[DA] Name - P2":[],"libobs.show_scene_item.[DA] Nickname - P1":[],"libobs.show_scene_item.[DA] Nickname - P2":[]},"id":"scene","mixers":0,"monitoring_type":0,"muted":false,"name":"Summary","prev_ver":453115908,"private_settings":{},"push-to-mute":false,"push-to-mute-delay":0,"push-to-talk":false,"push-to-talk-delay":0,"settings":{"custom_size":false,"id_counter":20,"items":[{"align":5,"blend_type":"normal","bounds":{"x":0.0,"y":0.0},"bounds_align":0,"bounds_type":0,"crop_bottom":0,"crop_left":0,"crop_right":0,"crop_top":0,"group_item_backup":false,"hide_transition":{"duration":300},"id":12,"locked":true,"name":"Color Block","pos":{"x":0.0,"y":104.0},"private_settings":{},"rot":0.0,"scale":{"x":1.0,"y":1.0},"scale_filter":"disable","show_transition":{"duration":300},"visible":true},{"align":5,"blend_type":"normal","bounds":{"x":1.0,"y":1.0},"bounds_align":0,"bounds_type":0,"crop_bottom":0,"crop_left":0,"crop_right":0,"crop_top":0,"group_item_backup":false,"hide_transition":{"duration":0},"id":13,"locked":true,"name":"[DA] Match Summary","pos":{"x":212.85711669921875,"y":242.0},"private_settings":{},"rot":0.0,"scale":{"x":1.0952380895614624,"y":1.0},"scale_filter":"disable","show_transition":{"duration":0},"visible":true},{"align":5,"blend_type":"normal","bounds":{"x":1.0,"y":1.0},"bounds_align":0,"bounds_type":0,"crop_bottom":0,"crop_left":0,"crop_right":0,"crop_top":0,"group_item_backup":false,"hide_transition":{"duration":0},"id":14,"locked":true,"name":"[DA] Name - P2","pos":{"x":680.0,"y":148.0},"private_settings":{},"rot":0.0,"scale":{"x":1.0,"y":1.0},"scale_filter":"disable","show_transition":{"duration":0},"visible":true},{"align":5,"blend_type":"normal","bounds":{"x":1.0,"y":1.0},"bounds_align":0,"bounds_type":0,"crop_bottom":0,"crop_left":0,"crop_right":0,"crop_top":0,"group_item_backup":false,"hide_transition":{"duration":0},"id":15,"locked":true,"name":"[DA] Nickname - P2","pos":{"x":680.0,"y":118.0},"private_settings":{},"rot":0.0,"scale":{"x":1.0,"y":1.0},"scale_filter":"disable","show_transition":{"duration":0},"visible":true},{"align":5,"blend_type":"normal","bounds":{"x":1.0,"y":1.0},"bounds_align":0,"bounds_type":0,"crop_bottom":0,"crop_left":0,"crop_right":0,"crop_top":0,"group_item_backup":false,"hide_transition":{"duration":0},"id":16,"locked":true,"name":"[DA] Name - P1","pos":{"x":100.0,"y":148.0},"private_settings":{},"rot":0.0,"scale":{"x":1.0,"y":1.0},"scale_filter":"disable","show_transition":{"duration":0},"visible":true},{"align":5,"blend_type":"normal","bounds":{"x":1.0,"y":1.0},"bounds_align":0,"bounds_type":0,"crop_bottom":0,"crop_left":0,"crop_right":0,"crop_top":0,"group_item_backup":false,"hide_transition":{"duration":0},"id":17,"locked":true,"name":"[DA] Nickname - P1","pos":{"x":100.0,"y":118.0},"private_settings":{},"rot":0.0,"scale":{"x":1.0,"y":1.0},"scale_filter":"disable","show_transition":{"duration":0},"visible":true},{"align":5,"blend_type":"normal","bounds":{"x":1.0,"y":1.0},"bounds_align":0,"bounds_type":0,"crop_bottom":0,"crop_left":0,"crop_right":0,"crop_top":0,"group_item_backup":false,"hide_transition":{"duration":0},"id":18,"locked":true,"name":"[DA] Media Shot - P2","pos":{"x":1080.0,"y":186.0},"private_settings":{},"rot":0.0,"scale":{"x":1.0,"y":1.0},"scale_filter":"disable","show_transition":{"duration":0},"visible":true},{"align":5,"blend_type":"normal","bounds":{"x":0.0,"y":0.0},"bounds_align":0,"bounds_type":0,"crop_bottom":0,"crop_left":0,"crop_right":0,"crop_top":0,"group_item_backup":false,"hide_transition":{"duration":0},"id":19,"locked":true,"name":"[DA] Media Shot - P1","pos":{"x":0.0,"y":186.0},"private_settings":{},"rot":0.0,"scale":{"x":1.0,"y":1.0},"scale_filter":"disable","show_transition":{"duration":0},"visible":true},{"align":5,"blend_type":"normal","bounds":{"x":0.0,"y":0.0},"bounds_align":0,"bounds_type":0,"crop_bottom":0,"crop_left":0,"crop_right":0,"crop_top":0,"group_item_backup":false,"hide_transition":{"duration":0},"id":20,"locked":true,"name":"Ticker","pos":{"x":0.0,"y":690.0},"private_settings":{},"rot":0.0,"scale":{"x":1.0,"y":1.0},"scale_filter":"disable","show_transition":{"duration":0},"visible":true}]},"sync":0,"versioned_id":"scene","volume":1.0},{"balance":0.5,"deinterlace_field_order":0,"deinterlace_mode":0,"enabled":true,"flags":0,"hotkeys":{"OBSBasic.SelectScene":[]},"id":"scene","mixers":0,"monitoring_type":0,"muted":false,"name":"Black","prev_ver":453115908,"private_settings":{},"push-to-mute":false,"push-to-mute-delay":0,"push-to-talk":false,"push-to-talk-delay":0,"settings":{"custom_size":false,"id_counter":0,"items":[]},"sync":0,"versioned_id":"scene","volume":1.0},{"balance":0.5,"deinterlace_field_order":0,"deinterlace_mode":0,"enabled":true,"flags":0,"hotkeys":{"ObsBrowser.Refresh":[],"libobs.mute":[],"libobs.push-to-mute":[],"libobs.push-to-talk":[],"libobs.unmute":[]},"id":"browser_source","mixers":255,"monitoring_type":0,"muted":false,"name":"Ticker","prev_ver":453115908,"private_settings":{},"push-to-mute":false,"push-to-mute-delay":0,"push-to-talk":false,"push-to-talk-delay":0,"settings":{"css":"","height":30,"url":"https://dartsatlas.ngrok.io/matches/bqKzYpuzuS0w/broadcast_ticker?resolution=720","webpage_control_level":0,"width":1280},"sync":0,"versioned_id":"browser_source","volume":1.0},{"balance":0.5,"deinterlace_field_order":0,"deinterlace_mode":0,"enabled":true,"flags":0,"hotkeys":{"ObsBrowser.Refresh":[],"libobs.mute":[],"libobs.push-to-mute":[],"libobs.push-to-talk":[],"libobs.unmute":[]},"id":"browser_source","mixers":255,"monitoring_type":0,"muted":false,"name":"[DA] Order of Merit","prev_ver":453115908,"private_settings":{},"push-to-mute":false,"push-to-mute-delay":0,"push-to-talk":false,"push-to-talk-delay":0,"settings":{"css":"","fps":1,"fps_custom":true,"height":560,"restart_when_active":true,"url":"https://www.dartsatlas.com/seasons/FLgeM7QzXY7A/broadcast?theme_color=ff0000&text_color=ffffff","webpage_control_level":0},"sync":0,"versioned_id":"browser_source","volume":1.0}],"transition_duration":300,"transitions":[]}