{"AuxAudioDevice1":{"balance":0.5,"deinterlace_field_order":0,"deinterlace_mode":0,"enabled":true,"filters":[{"balance":0.5,"deinterlace_field_order":0,"deinterlace_mode":0,"enabled":true,"flags":0,"hotkeys":{},"id":"noise_gate_filter","mixers":255,"monitoring_type":0,"muted":false,"name":"Noise Gate","prev_ver":452984832,"private_settings":{},"push-to-mute":false,"push-to-mute-delay":0,"push-to-talk":false,"push-to-talk-delay":0,"settings":{"close_threshold":-37.0,"open_threshold":-26.0},"sync":0,"versioned_id":"noise_gate_filter","volume":1.0},{"balance":0.5,"deinterlace_field_order":0,"deinterlace_mode":0,"enabled":true,"flags":0,"hotkeys":{},"id":"noise_suppress_filter","mixers":255,"monitoring_type":0,"muted":false,"name":"Noise Suppression","prev_ver":452984832,"private_settings":{},"push-to-mute":false,"push-to-mute-delay":0,"push-to-talk":false,"push-to-talk-delay":0,"settings":{"method":"rnnoise"},"sync":0,"versioned_id":"noise_suppress_filter_v2","volume":1.0}],"flags":0,"hotkeys":{"libobs.mute":[],"libobs.push-to-mute":[],"libobs.push-to-talk":[],"libobs.unmute":[]},"id":"coreaudio_input_capture","mixers":255,"monitoring_type":0,"muted":true,"name":"Mic/Aux","prev_ver":452984832,"private_settings":{},"push-to-mute":false,"push-to-mute-delay":0,"push-to-talk":false,"push-to-talk-delay":0,"settings":{"device_id":"AppleUSBAudioEngine:Antlion Audio:Antlion USB Microphone:1143000:1"},"sync":0,"versioned_id":"coreaudio_input_capture","volume":0.84922903776168823},"DesktopAudioDevice1":{"balance":0.5,"deinterlace_field_order":0,"deinterlace_mode":0,"enabled":true,"flags":0,"hotkeys":{"libobs.mute":[],"libobs.push-to-mute":[],"libobs.push-to-talk":[],"libobs.unmute":[]},"id":"coreaudio_output_capture","mixers":255,"monitoring_type":0,"muted":false,"name":"Desktop Audio","prev_ver":452984832,"private_settings":{},"push-to-mute":false,"push-to-mute-delay":0,"push-to-talk":false,"push-to-talk-delay":0,"settings":{"device_id":"SoundflowerEngine:0"},"sync":0,"versioned_id":"coreaudio_output_capture","volume":1.0},"current_program_scene":"Black","current_scene":"Black","current_transition":"Fade","groups":[{"balance":0.5,"deinterlace_field_order":0,"deinterlace_mode":0,"enabled":true,"flags":0,"hotkeys":{"libobs.hide_scene_item.Ticker Background":[],"libobs.hide_scene_item.Timer Text":[],"libobs.show_scene_item.Ticker Background":[],"libobs.show_scene_item.Timer Text":[]},"id":"group","mixers":0,"monitoring_type":0,"muted":false,"name":"Countdown","prev_ver":452984832,"private_settings":{},"push-to-mute":false,"push-to-mute-delay":0,"push-to-talk":false,"push-to-talk-delay":0,"settings":{"custom_size":true,"cx":175,"cy":63,"id_counter":0,"items":[{"align":5,"bounds":{"x":0.0,"y":0.0},"bounds_align":0,"bounds_type":0,"crop_bottom":0,"crop_left":0,"crop_right":0,"crop_top":0,"group_item_backup":false,"hide_transition":{"duration":0},"id":12,"locked":true,"name":"Ticker Background","pos":{"x":0.0,"y":0.0},"private_settings":{},"rot":0.0,"scale":{"x":0.13642577826976776,"y":1.3999999761581421},"scale_filter":"disable","show_transition":{"duration":0},"visible":true},{"align":5,"bounds":{"x":0.0,"y":0.0},"bounds_align":0,"bounds_type":0,"crop_bottom":0,"crop_left":71,"crop_right":0,"crop_top":11,"group_item_backup":false,"hide_transition":{"duration":0},"id":9,"locked":true,"name":"Timer Text","pos":{"x":19.8125,"y":11.0},"private_settings":{},"rot":0.0,"scale":{"x":1.0,"y":1.0},"scale_filter":"disable","show_transition":{"duration":0},"visible":true}]},"sync":0,"versioned_id":"group","volume":1.0},{"balance":0.5,"deinterlace_field_order":0,"deinterlace_mode":0,"enabled":true,"flags":0,"hotkeys":{"libobs.hide_scene_item.[DA] Name - P1":[],"libobs.hide_scene_item.[DA] Name - P2":[],"libobs.show_scene_item.[DA] Name - P1":[],"libobs.show_scene_item.[DA] Name - P2":[]},"id":"group","mixers":0,"monitoring_type":0,"muted":false,"name":"Player Names","prev_ver":452984832,"private_settings":{},"push-to-mute":false,"push-to-mute-delay":0,"push-to-talk":false,"push-to-talk-delay":0,"settings":{"custom_size":true,"cx":1280,"cy":64,"id_counter":0,"items":[{"align":5,"bounds":{"x":0.0,"y":0.0},"bounds_align":0,"bounds_type":0,"crop_bottom":0,"crop_left":0,"crop_right":0,"crop_top":0,"group_item_backup":false,"hide_transition":{"duration":0},"id":7,"locked":true,"name":"Match Summary Background","pos":{"x":0.0,"y":0.0},"private_settings":{},"rot":0.0,"scale":{"x":1.0,"y":0.58181816339492798},"scale_filter":"disable","show_transition":{"duration":0},"visible":true},{"align":5,"bounds":{"x":1.0,"y":1.0},"bounds_align":0,"bounds_type":0,"crop_bottom":0,"crop_left":0,"crop_right":0,"crop_top":0,"group_item_backup":false,"hide_transition":{"duration":0},"id":3,"locked":true,"name":"[DA] Name - P2","pos":{"x":742.0,"y":13.0},"private_settings":{},"rot":0.0,"scale":{"x":1.0,"y":1.0},"scale_filter":"disable","show_transition":{"duration":0},"visible":true},{"align":5,"bounds":{"x":0.0,"y":0.0},"bounds_align":0,"bounds_type":0,"crop_bottom":0,"crop_left":0,"crop_right":0,"crop_top":0,"group_item_backup":false,"hide_transition":{"duration":0},"id":2,"locked":true,"name":"[DA] Name - P1","pos":{"x":76.0,"y":13.0},"private_settings":{},"rot":0.0,"scale":{"x":1.0,"y":1.0},"scale_filter":"disable","show_transition":{"duration":0},"visible":true}]},"sync":0,"versioned_id":"group","volume":1.0},{"balance":0.5,"deinterlace_field_order":0,"deinterlace_mode":0,"enabled":true,"flags":0,"hotkeys":{"libobs.hide_scene_item.City League Logo":[],"libobs.hide_scene_item.Darts Atlas Logo":[],"libobs.hide_scene_item.Ticker Background":[],"libobs.hide_scene_item.Ticker Text":[],"libobs.show_scene_item.City League Logo":[],"libobs.show_scene_item.Darts Atlas Logo":[],"libobs.show_scene_item.Ticker Background":[],"libobs.show_scene_item.Ticker Text":[]},"id":"group","mixers":0,"monitoring_type":0,"muted":false,"name":"Ticker","prev_ver":452984832,"private_settings":{},"push-to-mute":false,"push-to-mute-delay":0,"push-to-talk":false,"push-to-talk-delay":0,"settings":{"custom_size":true,"cx":1280,"cy":90,"id_counter":0,"items":[{"align":5,"bounds":{"x":0.0,"y":0.0},"bounds_align":0,"bounds_type":0,"crop_bottom":0,"crop_left":0,"crop_right":0,"crop_top":0,"group_item_backup":false,"hide_transition":{"duration":0},"id":2,"locked":true,"name":"Ticker Background","pos":{"x":0.0,"y":45.0},"private_settings":{},"rot":0.0,"scale":{"x":1.0,"y":1.0},"scale_filter":"disable","show_transition":{"duration":0},"visible":true},{"align":5,"bounds":{"x":0.0,"y":0.0},"bounds_align":0,"bounds_type":0,"crop_bottom":0,"crop_left":0,"crop_right":0,"crop_top":0,"group_item_backup":false,"hide_transition":{"duration":0},"id":4,"locked":true,"name":"Ticker Text","pos":{"x":80.0,"y":51.0},"private_settings":{},"rot":0.0,"scale":{"x":1.0,"y":1.0},"scale_filter":"disable","show_transition":{"duration":0},"visible":true},{"align":5,"bounds":{"x":1.0,"y":1.0},"bounds_align":0,"bounds_type":0,"crop_bottom":0,"crop_left":0,"crop_right":0,"crop_top":0,"group_item_backup":false,"hide_transition":{"duration":0},"id":6,"locked":true,"name":"City League Logo","pos":{"x":1190.0,"y":0.0},"private_settings":{},"rot":0.0,"scale":{"x":0.3515625,"y":0.3515625},"scale_filter":"disable","show_transition":{"duration":0},"visible":true},{"align":5,"bounds":{"x":1.0,"y":1.0},"bounds_align":0,"bounds_type":0,"crop_bottom":0,"crop_left":0,"crop_right":0,"crop_top":0,"group_item_backup":false,"hide_transition":{"duration":0},"id":5,"locked":true,"name":"Darts Atlas Logo","pos":{"x":0.0,"y":0.0},"private_settings":{},"rot":0.0,"scale":{"x":0.3515625,"y":0.3515625},"scale_filter":"disable","show_transition":{"duration":0},"visible":true}]},"sync":0,"versioned_id":"group","volume":1.0},{"balance":0.5,"deinterlace_field_order":0,"deinterlace_mode":0,"enabled":true,"flags":0,"hotkeys":{"libobs.hide_scene_item.[DA] Dart Counts - Stacked - Page 1":[],"libobs.hide_scene_item.[DA] Dart Counts - Stacked - Page 2":[],"libobs.hide_scene_item.[DA] Dart Counts - Stacked - Page 3":[],"libobs.hide_scene_item.[DA] Match Stats - Stacked":[],"libobs.hide_scene_item.[DA] Scoreboard - Stacked":[],"libobs.show_scene_item.[DA] Dart Counts - Stacked - Page 1":[],"libobs.show_scene_item.[DA] Dart Counts - Stacked - Page 2":[],"libobs.show_scene_item.[DA] Dart Counts - Stacked - Page 3":[],"libobs.show_scene_item.[DA] Match Stats - Stacked":[],"libobs.show_scene_item.[DA] Scoreboard - Stacked":[]},"id":"group","mixers":0,"monitoring_type":0,"muted":false,"name":"Scorebugs","prev_ver":452984832,"private_settings":{},"push-to-mute":false,"push-to-mute-delay":0,"push-to-talk":false,"push-to-talk-delay":0,"settings":{"custom_size":true,"cx":948,"cy":165,"id_counter":0,"items":[{"align":5,"bounds":{"x":1.0,"y":1.0},"bounds_align":0,"bounds_type":0,"crop_bottom":0,"crop_left":0,"crop_right":0,"crop_top":0,"group_item_backup":false,"hide_transition":{"duration":300,"id":"slide_transition","name":"[DA] Scoreboard - Stacked Hide Transition","transition":{"direction":"left"},"versioned_id":"slide_transition"},"id":2,"locked":true,"name":"[DA] Scoreboard - Stacked","pos":{"x":398.0,"y":0.0},"private_settings":{},"rot":0.0,"scale":{"x":1.0,"y":1.0},"scale_filter":"disable","show_transition":{"duration":300,"id":"slide_transition","name":"[DA] Scoreboard - Stacked Show Transition","transition":{"direction":"right"},"versioned_id":"slide_transition"},"visible":true},{"align":5,"bounds":{"x":1.0,"y":1.0},"bounds_align":0,"bounds_type":0,"crop_bottom":0,"crop_left":0,"crop_right":0,"crop_top":0,"group_item_backup":false,"hide_transition":{"duration":300,"id":"slide_transition","name":"[DA] Match Stats - Stacked Hide Transition","transition":{"direction":"right"},"versioned_id":"slide_transition"},"id":1,"locked":true,"name":"[DA] Match Stats - Stacked","pos":{"x":160.0,"y":0.0},"private_settings":{},"rot":0.0,"scale":{"x":1.0,"y":1.0},"scale_filter":"disable","show_transition":{"duration":300,"id":"slide_transition","name":"[DA] Match Stats - Stacked Show Transition","transition":{"direction":"left"},"versioned_id":"slide_transition"},"visible":false},{"align":5,"bounds":{"x":1.0,"y":1.0},"bounds_align":0,"bounds_type":0,"crop_bottom":0,"crop_left":0,"crop_right":0,"crop_top":0,"group_item_backup":false,"hide_transition":{"duration":300,"id":"swipe_transition","name":"[DA] Dart Counts - Stacked - Page 3 Hide Transition","transition":{"direction":"right"},"versioned_id":"swipe_transition"},"id":34,"locked":true,"name":"[DA] Dart Counts - Stacked - Page 3","pos":{"x":0.0,"y":0.0},"private_settings":{},"rot":0.0,"scale":{"x":1.0,"y":1.0},"scale_filter":"disable","show_transition":{"duration":300,"id":"swipe_transition","name":"[DA] Dart Counts - Stacked - Page 3 Show Transition","transition":{"direction":"left"},"versioned_id":"swipe_transition"},"visible":false},{"align":5,"bounds":{"x":1.0,"y":1.0},"bounds_align":0,"bounds_type":0,"crop_bottom":0,"crop_left":0,"crop_right":0,"crop_top":0,"group_item_backup":false,"hide_transition":{"duration":300,"id":"swipe_transition","name":"[DA] Dart Counts - Stacked - Page 2 Hide Transition","transition":{"direction":"right"},"versioned_id":"swipe_transition"},"id":33,"locked":true,"name":"[DA] Dart Counts - Stacked - Page 2","pos":{"x":0.0,"y":0.0},"private_settings":{},"rot":0.0,"scale":{"x":1.0,"y":1.0},"scale_filter":"disable","show_transition":{"duration":300,"id":"swipe_transition","name":"[DA] Dart Counts - Stacked - Page 2 Show Transition","transition":{"direction":"left"},"versioned_id":"swipe_transition"},"visible":false},{"align":5,"bounds":{"x":1.0,"y":1.0},"bounds_align":0,"bounds_type":0,"crop_bottom":0,"crop_left":0,"crop_right":0,"crop_top":0,"group_item_backup":false,"hide_transition":{"duration":300,"id":"slide_transition","name":"[DA] Dart Counts - Stacked Hide Transition","transition":{"direction":"right"},"versioned_id":"slide_transition"},"id":4,"locked":true,"name":"[DA] Dart Counts - Stacked - Page 1","pos":{"x":0.0,"y":0.0},"private_settings":{},"rot":0.0,"scale":{"x":1.0,"y":1.0},"scale_filter":"disable","show_transition":{"duration":300,"id":"slide_transition","name":"[DA] Dart Counts - Stacked Show Transition","transition":{"direction":"left"},"versioned_id":"slide_transition"},"visible":false}]},"sync":0,"versioned_id":"group","volume":1.0},{"balance":0.5,"deinterlace_field_order":0,"deinterlace_mode":0,"enabled":true,"flags":0,"hotkeys":{"libobs.hide_scene_item.[DA] Name - P1":[],"libobs.hide_scene_item.[DA] Nickname - P1":[],"libobs.show_scene_item.[DA] Name - P1":[],"libobs.show_scene_item.[DA] Nickname - P1":[]},"id":"group","mixers":0,"monitoring_type":0,"muted":false,"name":"Player 1","prev_ver":452984832,"private_settings":{},"push-to-mute":false,"push-to-mute-delay":0,"push-to-talk":false,"push-to-talk-delay":0,"settings":{"custom_size":true,"cx":460,"cy":70,"id_counter":0,"items":[{"align":5,"bounds":{"x":0.0,"y":0.0},"bounds_align":0,"bounds_type":0,"crop_bottom":0,"crop_left":0,"crop_right":0,"crop_top":0,"group_item_backup":false,"hide_transition":{"duration":0},"id":2,"locked":true,"name":"[DA] Name - P1","pos":{"x":0.0,"y":30.0},"private_settings":{},"rot":0.0,"scale":{"x":1.0,"y":1.0},"scale_filter":"disable","show_transition":{"duration":0},"visible":true},{"align":5,"bounds":{"x":0.0,"y":0.0},"bounds_align":0,"bounds_type":0,"crop_bottom":0,"crop_left":0,"crop_right":0,"crop_top":0,"group_item_backup":false,"hide_transition":{"duration":0},"id":7,"locked":true,"name":"[DA] Nickname - P1","pos":{"x":0.0,"y":0.0},"private_settings":{},"rot":0.0,"scale":{"x":1.0,"y":1.0},"scale_filter":"disable","show_transition":{"duration":0},"visible":true}]},"sync":0,"versioned_id":"group","volume":1.0},{"balance":0.5,"deinterlace_field_order":0,"deinterlace_mode":0,"enabled":true,"flags":0,"hotkeys":{"libobs.hide_scene_item.[DA] Name - P2":[],"libobs.hide_scene_item.[DA] Nickname - P2":[],"libobs.show_scene_item.[DA] Name - P2":[],"libobs.show_scene_item.[DA] Nickname - P2":[]},"id":"group","mixers":0,"monitoring_type":0,"muted":false,"name":"Player 2","prev_ver":452984832,"private_settings":{},"push-to-mute":false,"push-to-mute-delay":0,"push-to-talk":false,"push-to-talk-delay":0,"settings":{"custom_size":true,"cx":460,"cy":70,"id_counter":0,"items":[{"align":5,"bounds":{"x":0.0,"y":0.0},"bounds_align":0,"bounds_type":0,"crop_bottom":0,"crop_left":0,"crop_right":0,"crop_top":0,"group_item_backup":false,"hide_transition":{"duration":0},"id":3,"locked":true,"name":"[DA] Name - P2","pos":{"x":0.0,"y":30.0},"private_settings":{},"rot":0.0,"scale":{"x":1.0,"y":1.0},"scale_filter":"disable","show_transition":{"duration":0},"visible":true},{"align":5,"bounds":{"x":0.0,"y":0.0},"bounds_align":0,"bounds_type":0,"crop_bottom":0,"crop_left":0,"crop_right":0,"crop_top":0,"group_item_backup":false,"hide_transition":{"duration":0},"id":8,"locked":true,"name":"[DA] Nickname - P2","pos":{"x":0.0,"y":0.0},"private_settings":{},"rot":0.0,"scale":{"x":1.0,"y":1.0},"scale_filter":"disable","show_transition":{"duration":0},"visible":true}]},"sync":0,"versioned_id":"group","volume":1.0}],"modules":{"advanced-scene-switcher":{"Address":"","ClientEnabled":false,"ClientPort":55555,"LockToIPv4":false,"SendPreview":true,"SendSceneChange":true,"SendSceneChangeAll":true,"ServerEnabled":false,"ServerPort":55555,"active":false,"adjustActiveTransitionType":true,"audioFallbackDuration":0.0,"audioFallbackEnable":false,"audioFallbackScene":"","audioFallbackTargetType":0,"audioFallbackTransition":"","audioSwitches":[],"audioTabPos":13,"autoStartEvent":0,"cooldown":0.0,"cooldownUnit":0,"defTransitionDelay":0,"defaultTransitions":[],"disableHints":false,"displayUnit":0,"exeTabPos":5,"executableSwitches":[],"fileSwitches":[],"fileTabPos":8,"generalTabPos":0,"idleEnable":false,"idleSceneName":"","idleTabPos":11,"idleTargetType":0,"idleTime":60,"idleTransitionName":"","ignoreIdleWindows":[],"ignoreWindows":[],"interval":300,"macroTabPos":1,"macros":[],"mediaSwitches":[],"mediaTabPos":7,"networkTabPos":15,"noMatchDelay":0.0,"noMatchDelayUnit":0,"non_matching_scene":"","pauseEntries":[],"pauseTabPos":3,"priority0":0,"priority1":1,"priority10":10,"priority2":2,"priority3":3,"priority4":4,"priority5":5,"priority6":6,"priority7":7,"priority8":8,"priority9":9,"randomSwitches":[],"randomTabPos":9,"readEnabled":false,"readPath":"","regionTabPos":6,"saveWindowGeo":false,"sceneGroupTabPos":16,"sceneGroups":[],"sceneRoundTrip":[],"sceneTransitions":[],"screenRegion":[],"sequenceTabPos":12,"startHotkey":[],"startup_behavior":0,"stopHotkey":[],"switch_if_not_matching":0,"switches":[],"tansitionOverrideOverride":false,"threadPriority":3,"timeSwitches":[],"timeTabPos":10,"titleTabPos":4,"toggleHotkey":[],"transitionTabPos":2,"triggerTabPos":17,"triggers":[],"verbose":false,"version":"7e3e621ae5d316cd16909378578e9e87a9fe6a3b","videoSwitches":[],"videoTabPos":14,"windowHeight":0,"windowPosX":0,"windowPosY":0,"windowWidth":0,"writeEnabled":false,"writePath":""},"auto-scene-switcher":{"active":false,"interval":300,"non_matching_scene":"","switch_if_not_matching":false,"switches":[]},"decklink_captions":{"source":""},"output-timer":{"autoStartRecordTimer":false,"autoStartStreamTimer":false,"pauseRecordTimer":true,"recordTimerHours":0,"recordTimerMinutes":0,"recordTimerSeconds":30,"streamTimerHours":0,"streamTimerMinutes":0,"streamTimerSeconds":30},"scripts-tool":[{"path":"/Users/matt/code/dartsatlas/broadcast.dartsatlas.com/obs_assets/darts_atlas_obs.lua","settings":{"da_theme_color":"","match_hash_id":""}},{"path":"/Applications/OBS.app/Contents/Resources/data/obs-plugins/frontend-tools/scripts/countdown.lua","settings":{"duration":10,"reset_hotkey":[],"source":"Timer Text","stop_text":"00:00:00"}}]},"name":"City League Template","preview_locked":false,"quick_transitions":[{"duration":300,"fade_to_black":false,"hotkeys":[],"id":11,"name":"Cut"},{"duration":300,"fade_to_black":false,"hotkeys":[],"id":12,"name":"Fade"},{"duration":300,"fade_to_black":true,"hotkeys":[],"id":13,"name":"Fade"}],"saved_projectors":[],"scaling_enabled":false,"scaling_level":0,"scaling_off_x":0.0,"scaling_off_y":0.0,"scene_order":[{"name":"Black"},{"name":"Preroll"},{"name":"Standings"},{"name":"Preview"},{"name":"Match"},{"name":"Summary"}],"sources":[{"balance":0.5,"deinterlace_field_order":0,"deinterlace_mode":0,"enabled":true,"flags":0,"hotkeys":{},"id":"image_source","mixers":0,"monitoring_type":0,"muted":false,"name":"Venue Logo","prev_ver":452984832,"private_settings":{},"push-to-mute":false,"push-to-mute-delay":0,"push-to-talk":false,"push-to-talk-delay":0,"settings":{"file":"/Users/matt/Documents/Darts Atlas/Branding/Skeletons.jpg"},"sync":0,"versioned_id":"image_source","volume":1.0},{"balance":0.5,"deinterlace_field_order":0,"deinterlace_mode":0,"enabled":true,"flags":0,"hotkeys":{"OBSBasic.SelectScene":[]},"id":"scene","mixers":0,"monitoring_type":0,"muted":false,"name":"Black","prev_ver":452984832,"private_settings":{},"push-to-mute":false,"push-to-mute-delay":0,"push-to-talk":false,"push-to-talk-delay":0,"settings":{"custom_size":false,"id_counter":4,"items":[]},"sync":0,"versioned_id":"scene","volume":1.0},{"balance":0.5,"deinterlace_field_order":0,"deinterlace_mode":0,"enabled":true,"flags":0,"hotkeys":{},"id":"text_ft2_source","mixers":0,"monitoring_type":0,"muted":false,"name":"Match Preview","prev_ver":452984832,"private_settings":{},"push-to-mute":false,"push-to-mute-delay":0,"push-to-talk":false,"push-to-talk-delay":0,"settings":{"font":{"face":"Play","flags":1,"size":30,"style":"Bold"},"text":"Coming Up"},"sync":0,"versioned_id":"text_ft2_source_v2","volume":1.0},{"balance":0.5,"deinterlace_field_order":0,"deinterlace_mode":0,"enabled":true,"flags":0,"hotkeys":{},"id":"color_source","mixers":0,"monitoring_type":0,"muted":false,"name":"Preview Header Background","prev_ver":452984832,"private_settings":{},"push-to-mute":false,"push-to-mute-delay":0,"push-to-talk":false,"push-to-talk-delay":0,"settings":{"color":4279242768,"height":140,"width":1280},"sync":0,"versioned_id":"color_source_v3","volume":1.0},{"balance":0.5,"deinterlace_field_order":0,"deinterlace_mode":0,"enabled":true,"flags":0,"hotkeys":{},"id":"color_source","mixers":0,"monitoring_type":0,"muted":false,"name":"Match Summary Background","prev_ver":452984832,"private_settings":{},"push-to-mute":false,"push-to-mute-delay":0,"push-to-talk":false,"push-to-talk-delay":0,"settings":{"color":4279242768,"height":110,"width":1280},"sync":0,"versioned_id":"color_source_v3","volume":1.0},{"balance":0.5,"deinterlace_field_order":0,"deinterlace_mode":0,"enabled":true,"flags":0,"hotkeys":{},"id":"image_source","mixers":0,"monitoring_type":0,"muted":false,"name":"City League Logo","prev_ver":452984832,"private_settings":{},"push-to-mute":false,"push-to-mute-delay":0,"push-to-talk":false,"push-to-talk-delay":0,"settings":{"file":"/Users/matt/Documents/Darts Atlas/Branding/logos/twitter-icon-city-league.png"},"sync":0,"versioned_id":"image_source","volume":1.0},{"balance":0.5,"deinterlace_field_order":0,"deinterlace_mode":0,"enabled":true,"flags":0,"hotkeys":{},"id":"image_source","mixers":0,"monitoring_type":0,"muted":false,"name":"Darts Atlas Logo","prev_ver":452984832,"private_settings":{},"push-to-mute":false,"push-to-mute-delay":0,"push-to-talk":false,"push-to-talk-delay":0,"settings":{"file":"/Users/matt/Documents/Darts Atlas/Branding/logos/twitter-icon.png","linear_alpha":false,"unload":false},"sync":0,"versioned_id":"image_source","volume":1.0},{"balance":0.5,"deinterlace_field_order":0,"deinterlace_mode":0,"enabled":true,"filters":[{"balance":0.5,"deinterlace_field_order":0,"deinterlace_mode":0,"enabled":true,"flags":0,"hotkeys":{},"id":"scroll_filter","mixers":0,"monitoring_type":0,"muted":false,"name":"Ticker Scroll","prev_ver":452984832,"private_settings":{},"push-to-mute":false,"push-to-mute-delay":0,"push-to-talk":false,"push-to-talk-delay":0,"settings":{"cx":1200,"limit_cx":true,"speed_x":120.0},"sync":0,"versioned_id":"scroll_filter","volume":1.0}],"flags":0,"hotkeys":{},"id":"text_ft2_source","mixers":0,"monitoring_type":0,"muted":false,"name":"Ticker Text","prev_ver":452984832,"private_settings":{},"push-to-mute":false,"push-to-mute-delay":0,"push-to-talk":false,"push-to-talk-delay":0,"settings":{"antialiasing":true,"color1":4294967295,"color2":4294967295,"drop_shadow":false,"font":{"face":"Play","flags":0,"size":28,"style":"Regular"},"log_lines":6,"outline":false,"text":"     This is City League Darts. Your text goes here.     ~     Make sure to add consistent spacing between your scrolling topics, and between the end and beginning.     ~     Set up this Ticker in the Preroll Scene as you set up for the stream. Copy the entire Ticker Group from the Preroll Scene and Paste it as a Reference into all the other Scenes you want to include it in.     ~     The Ticker group should probably be the top asset in the scene.     ~","undo_sname":"Ticker Text","word_wrap":false},"sync":0,"versioned_id":"text_ft2_source_v2","volume":1.0},{"balance":0.5,"deinterlace_field_order":0,"deinterlace_mode":0,"enabled":true,"flags":0,"hotkeys":{},"id":"color_source","mixers":0,"monitoring_type":0,"muted":false,"name":"Ticker Background","prev_ver":452984832,"private_settings":{},"push-to-mute":false,"push-to-mute-delay":0,"push-to-talk":false,"push-to-talk-delay":0,"settings":{"color":4281019179,"height":45,"width":1280},"sync":0,"versioned_id":"color_source_v3","volume":1.0},{"balance":0.5,"deinterlace_field_order":0,"deinterlace_mode":0,"enabled":true,"flags":0,"hotkeys":{"OBSBasic.SelectScene":[],"libobs.hide_scene_item.Countdown":[],"libobs.hide_scene_item.Ticker":[],"libobs.show_scene_item.Countdown":[],"libobs.show_scene_item.Ticker":[]},"id":"scene","mixers":0,"monitoring_type":0,"muted":false,"name":"Preroll","prev_ver":452984832,"private_settings":{},"push-to-mute":false,"push-to-mute-delay":0,"push-to-talk":false,"push-to-talk-delay":0,"settings":{"custom_size":false,"id_counter":13,"items":[{"align":5,"bounds":{"x":0.0,"y":0.0},"bounds_align":0,"bounds_type":0,"crop_bottom":0,"crop_left":0,"crop_right":0,"crop_top":0,"group_item_backup":true,"hide_transition":{"duration":0},"id":12,"locked":true,"name":"Ticker Background","pos":{"x":552.6875,"y":0.0},"private_settings":{},"rot":0.0,"scale":{"x":0.13642577826976776,"y":1.3999999761581421},"scale_filter":"disable","show_transition":{"duration":0},"visible":true},{"align":5,"bounds":{"x":0.0,"y":0.0},"bounds_align":0,"bounds_type":0,"crop_bottom":0,"crop_left":71,"crop_right":0,"crop_top":11,"group_item_backup":true,"hide_transition":{"duration":0},"id":9,"locked":true,"name":"Timer Text","pos":{"x":572.5,"y":11.0},"private_settings":{},"rot":0.0,"scale":{"x":1.0,"y":1.0},"scale_filter":"disable","show_transition":{"duration":0},"visible":true},{"align":5,"bounds":{"x":0.0,"y":0.0},"bounds_align":0,"bounds_type":0,"crop_bottom":0,"crop_left":0,"crop_right":0,"crop_top":0,"group_item_backup":false,"hide_transition":{"duration":0},"id":13,"locked":true,"name":"Countdown","pos":{"x":552.6875,"y":0.0},"private_settings":{"collapsed":true},"rot":0.0,"scale":{"x":1.0,"y":1.0},"scale_filter":"disable","show_transition":{"duration":300,"id":"slide_transition","name":"Countdown Show Transition","transition":{"direction":"down"},"versioned_id":"slide_transition"},"visible":true},{"align":5,"bounds":{"x":0.0,"y":0.0},"bounds_align":0,"bounds_type":0,"crop_bottom":0,"crop_left":0,"crop_right":0,"crop_top":0,"group_item_backup":true,"hide_transition":{"duration":0},"id":2,"locked":true,"name":"Ticker Background","pos":{"x":0.0,"y":675.0},"private_settings":{},"rot":0.0,"scale":{"x":1.0,"y":1.0},"scale_filter":"disable","show_transition":{"duration":0},"visible":true},{"align":5,"bounds":{"x":0.0,"y":0.0},"bounds_align":0,"bounds_type":0,"crop_bottom":0,"crop_left":0,"crop_right":0,"crop_top":0,"group_item_backup":true,"hide_transition":{"duration":0},"id":4,"locked":true,"name":"Ticker Text","pos":{"x":80.0,"y":681.0},"private_settings":{},"rot":0.0,"scale":{"x":1.0,"y":1.0},"scale_filter":"disable","show_transition":{"duration":0},"visible":true},{"align":5,"bounds":{"x":1.0,"y":1.0},"bounds_align":0,"bounds_type":0,"crop_bottom":0,"crop_left":0,"crop_right":0,"crop_top":0,"group_item_backup":true,"hide_transition":{"duration":0},"id":6,"locked":true,"name":"City League Logo","pos":{"x":1190.0,"y":630.0},"private_settings":{},"rot":0.0,"scale":{"x":0.3515625,"y":0.3515625},"scale_filter":"disable","show_transition":{"duration":0},"visible":true},{"align":5,"bounds":{"x":1.0,"y":1.0},"bounds_align":0,"bounds_type":0,"crop_bottom":0,"crop_left":0,"crop_right":0,"crop_top":0,"group_item_backup":true,"hide_transition":{"duration":0},"id":5,"locked":true,"name":"Darts Atlas Logo","pos":{"x":0.0,"y":630.0},"private_settings":{},"rot":0.0,"scale":{"x":0.3515625,"y":0.3515625},"scale_filter":"disable","show_transition":{"duration":0},"visible":true},{"align":5,"bounds":{"x":0.0,"y":0.0},"bounds_align":0,"bounds_type":0,"crop_bottom":0,"crop_left":0,"crop_right":0,"crop_top":0,"group_item_backup":false,"hide_transition":{"duration":0},"id":1,"locked":true,"name":"Ticker","pos":{"x":0.0,"y":630.0},"private_settings":{"collapsed":true},"rot":0.0,"scale":{"x":1.0,"y":1.0},"scale_filter":"disable","show_transition":{"duration":300,"id":"slide_transition","name":"Ticker Show Transition","transition":{"direction":"up"},"versioned_id":"slide_transition"},"visible":true}]},"sync":0,"versioned_id":"scene","volume":1.0},{"balance":0.5,"deinterlace_field_order":0,"deinterlace_mode":0,"enabled":true,"flags":0,"hotkeys":{"libobs.mute":[],"libobs.push-to-mute":[],"libobs.push-to-talk":[],"libobs.unmute":[]},"id":"browser_source","mixers":255,"monitoring_type":0,"muted":false,"name":"[DA] Nickname - P2","prev_ver":452984832,"private_settings":{},"push-to-mute":false,"push-to-mute-delay":0,"push-to-talk":false,"push-to-talk-delay":0,"settings":{"css":"","fps":1,"fps_custom":true,"height":30,"url":"https://www.dartsatlas.com/matches//broadcast_nickname?player=2","width":460},"sync":0,"versioned_id":"browser_source","volume":1.0},{"balance":0.5,"deinterlace_field_order":0,"deinterlace_mode":0,"enabled":true,"flags":0,"hotkeys":{"libobs.mute":[],"libobs.push-to-mute":[],"libobs.push-to-talk":[],"libobs.unmute":[]},"id":"browser_source","mixers":255,"monitoring_type":0,"muted":false,"name":"[DA] Nickname - P1","prev_ver":452984832,"private_settings":{},"push-to-mute":false,"push-to-mute-delay":0,"push-to-talk":false,"push-to-talk-delay":0,"settings":{"css":"","fps":1,"fps_custom":true,"height":30,"reroute_audio":false,"url":"https://www.dartsatlas.com/matches//broadcast_nickname?player=1","width":460},"sync":0,"versioned_id":"browser_source","volume":1.0},{"balance":0.5,"deinterlace_field_order":0,"deinterlace_mode":0,"enabled":true,"flags":0,"hotkeys":{"libobs.mute":[],"libobs.push-to-mute":[],"libobs.push-to-talk":[],"libobs.unmute":[]},"id":"browser_source","mixers":255,"monitoring_type":0,"muted":false,"name":"[DA] Match Summary","prev_ver":452984832,"private_settings":{},"push-to-mute":false,"push-to-mute-delay":0,"push-to-talk":false,"push-to-talk-delay":0,"settings":{"css":"","fps":1,"fps_custom":true,"height":400,"url":"https://www.dartsatlas.com/matches//broadcast_summary?theme_color=&text_color=","width":1000},"sync":0,"versioned_id":"browser_source","volume":1.0},{"balance":0.5,"deinterlace_field_order":0,"deinterlace_mode":0,"enabled":true,"flags":0,"hotkeys":{"libobs.mute":[],"libobs.push-to-mute":[],"libobs.push-to-talk":[],"libobs.unmute":[]},"id":"browser_source","mixers":255,"monitoring_type":0,"muted":false,"name":"[DA] Scoreboard - Stacked","prev_ver":452984832,"private_settings":{},"push-to-mute":false,"push-to-mute-delay":0,"push-to-talk":false,"push-to-talk-delay":0,"settings":{"css":"","height":165,"url":"https://www.dartsatlas.com/matches//broadcast?mode=tv&theme_color=&text_color=","width":550},"sync":0,"versioned_id":"browser_source","volume":1.0},{"balance":0.5,"deinterlace_field_order":0,"deinterlace_mode":0,"enabled":true,"flags":0,"hotkeys":{"libobs.mute":[],"libobs.push-to-mute":[],"libobs.push-to-talk":[],"libobs.unmute":[]},"id":"browser_source","mixers":255,"monitoring_type":0,"muted":false,"name":"[DA] Match Stats - Stacked","prev_ver":452984832,"private_settings":{},"push-to-mute":false,"push-to-mute-delay":0,"push-to-talk":false,"push-to-talk-delay":0,"settings":{"css":"","fps":1,"fps_custom":true,"height":130,"reroute_audio":false,"restart_when_active":false,"shutdown":false,"url":"https://www.dartsatlas.com/matches//broadcast_tv_stats?theme_color=&text_color=","width":340},"sync":0,"versioned_id":"browser_source","volume":1.0},{"balance":0.5,"deinterlace_field_order":0,"deinterlace_mode":0,"enabled":true,"flags":0,"hotkeys":{"OBSBasic.SelectScene":[],"libobs.hide_scene_item.Scorebugs":[],"libobs.hide_scene_item.Ticker":[],"libobs.hide_scene_item.Venue Logo":[],"libobs.show_scene_item.Scorebugs":[],"libobs.show_scene_item.Ticker":[],"libobs.show_scene_item.Venue Logo":[]},"id":"scene","mixers":0,"monitoring_type":0,"muted":false,"name":"Match","prev_ver":452984832,"private_settings":{},"push-to-mute":false,"push-to-mute-delay":0,"push-to-talk":false,"push-to-talk-delay":0,"settings":{"custom_size":false,"id_counter":35,"items":[{"align":5,"bounds":{"x":1.0,"y":1.0},"bounds_align":0,"bounds_type":0,"crop_bottom":0,"crop_left":0,"crop_right":0,"crop_top":0,"group_item_backup":true,"hide_transition":{"duration":300,"id":"slide_transition","name":"[DA] Scoreboard - Stacked Hide Transition","transition":{"direction":"left"},"versioned_id":"slide_transition"},"id":2,"locked":true,"name":"[DA] Scoreboard - Stacked","pos":{"x":540.0,"y":510.0},"private_settings":{},"rot":0.0,"scale":{"x":1.0,"y":1.0},"scale_filter":"disable","show_transition":{"duration":300,"id":"slide_transition","name":"[DA] Scoreboard - Stacked Show Transition","transition":{"direction":"right"},"versioned_id":"slide_transition"},"visible":true},{"align":5,"bounds":{"x":1.0,"y":1.0},"bounds_align":0,"bounds_type":0,"crop_bottom":0,"crop_left":0,"crop_right":0,"crop_top":0,"group_item_backup":true,"hide_transition":{"duration":300,"id":"slide_transition","name":"[DA] Match Stats - Stacked Hide Transition","transition":{"direction":"right"},"versioned_id":"slide_transition"},"id":1,"locked":true,"name":"[DA] Match Stats - Stacked","pos":{"x":302.0,"y":510.0},"private_settings":{},"rot":0.0,"scale":{"x":1.0,"y":1.0},"scale_filter":"disable","show_transition":{"duration":300,"id":"slide_transition","name":"[DA] Match Stats - Stacked Show Transition","transition":{"direction":"left"},"versioned_id":"slide_transition"},"visible":false},{"align":5,"bounds":{"x":1.0,"y":1.0},"bounds_align":0,"bounds_type":0,"crop_bottom":0,"crop_left":0,"crop_right":0,"crop_top":0,"group_item_backup":true,"hide_transition":{"duration":300,"id":"swipe_transition","name":"[DA] Dart Counts - Stacked - Page 3 Hide Transition","transition":{"direction":"right"},"versioned_id":"swipe_transition"},"id":34,"locked":true,"name":"[DA] Dart Counts - Stacked - Page 3","pos":{"x":142.0,"y":510.0},"private_settings":{},"rot":0.0,"scale":{"x":1.0,"y":1.0},"scale_filter":"disable","show_transition":{"duration":300,"id":"swipe_transition","name":"[DA] Dart Counts - Stacked - Page 3 Show Transition","transition":{"direction":"left"},"versioned_id":"swipe_transition"},"visible":false},{"align":5,"bounds":{"x":1.0,"y":1.0},"bounds_align":0,"bounds_type":0,"crop_bottom":0,"crop_left":0,"crop_right":0,"crop_top":0,"group_item_backup":true,"hide_transition":{"duration":300,"id":"swipe_transition","name":"[DA] Dart Counts - Stacked - Page 2 Hide Transition","transition":{"direction":"right"},"versioned_id":"swipe_transition"},"id":33,"locked":true,"name":"[DA] Dart Counts - Stacked - Page 2","pos":{"x":142.0,"y":510.0},"private_settings":{},"rot":0.0,"scale":{"x":1.0,"y":1.0},"scale_filter":"disable","show_transition":{"duration":300,"id":"swipe_transition","name":"[DA] Dart Counts - Stacked - Page 2 Show Transition","transition":{"direction":"left"},"versioned_id":"swipe_transition"},"visible":false},{"align":5,"bounds":{"x":1.0,"y":1.0},"bounds_align":0,"bounds_type":0,"crop_bottom":0,"crop_left":0,"crop_right":0,"crop_top":0,"group_item_backup":true,"hide_transition":{"duration":300,"id":"slide_transition","name":"[DA] Dart Counts - Stacked Hide Transition","transition":{"direction":"right"},"versioned_id":"slide_transition"},"id":4,"locked":true,"name":"[DA] Dart Counts - Stacked - Page 1","pos":{"x":142.0,"y":510.0},"private_settings":{},"rot":0.0,"scale":{"x":1.0,"y":1.0},"scale_filter":"disable","show_transition":{"duration":300,"id":"slide_transition","name":"[DA] Dart Counts - Stacked Show Transition","transition":{"direction":"left"},"versioned_id":"slide_transition"},"visible":false},{"align":5,"bounds":{"x":1.0,"y":1.0},"bounds_align":0,"bounds_type":0,"crop_bottom":0,"crop_left":0,"crop_right":0,"crop_top":0,"group_item_backup":false,"hide_transition":{"duration":0},"id":14,"locked":true,"name":"Scorebugs","pos":{"x":142.0,"y":510.0},"private_settings":{"collapsed":false},"rot":0.0,"scale":{"x":1.0,"y":1.0},"scale_filter":"disable","show_transition":{"duration":0},"visible":true},{"align":5,"bounds":{"x":0.0,"y":0.0},"bounds_align":0,"bounds_type":0,"crop_bottom":0,"crop_left":0,"crop_right":0,"crop_top":0,"group_item_backup":true,"hide_transition":{"duration":0},"id":2,"locked":true,"name":"Ticker Background","pos":{"x":0.0,"y":675.0},"private_settings":{},"rot":0.0,"scale":{"x":1.0,"y":1.0},"scale_filter":"disable","show_transition":{"duration":0},"visible":true},{"align":5,"bounds":{"x":0.0,"y":0.0},"bounds_align":0,"bounds_type":0,"crop_bottom":0,"crop_left":0,"crop_right":0,"crop_top":0,"group_item_backup":true,"hide_transition":{"duration":0},"id":4,"locked":true,"name":"Ticker Text","pos":{"x":80.0,"y":681.0},"private_settings":{},"rot":0.0,"scale":{"x":1.0,"y":1.0},"scale_filter":"disable","show_transition":{"duration":0},"visible":true},{"align":5,"bounds":{"x":1.0,"y":1.0},"bounds_align":0,"bounds_type":0,"crop_bottom":0,"crop_left":0,"crop_right":0,"crop_top":0,"group_item_backup":true,"hide_transition":{"duration":0},"id":6,"locked":true,"name":"City League Logo","pos":{"x":1190.0,"y":630.0},"private_settings":{},"rot":0.0,"scale":{"x":0.3515625,"y":0.3515625},"scale_filter":"disable","show_transition":{"duration":0},"visible":true},{"align":5,"bounds":{"x":1.0,"y":1.0},"bounds_align":0,"bounds_type":0,"crop_bottom":0,"crop_left":0,"crop_right":0,"crop_top":0,"group_item_backup":true,"hide_transition":{"duration":0},"id":5,"locked":true,"name":"Darts Atlas Logo","pos":{"x":0.0,"y":630.0},"private_settings":{},"rot":0.0,"scale":{"x":0.3515625,"y":0.3515625},"scale_filter":"disable","show_transition":{"duration":0},"visible":true},{"align":5,"bounds":{"x":0.0,"y":0.0},"bounds_align":0,"bounds_type":0,"crop_bottom":0,"crop_left":0,"crop_right":0,"crop_top":0,"group_item_backup":false,"hide_transition":{"duration":0},"id":19,"locked":true,"name":"Ticker","pos":{"x":0.0,"y":630.0},"private_settings":{"collapsed":true},"rot":0.0,"scale":{"x":1.0,"y":1.0},"scale_filter":"disable","show_transition":{"duration":300,"id":"wipe_transition","name":"Ticker Show Transition","transition":{},"versioned_id":"wipe_transition"},"visible":true},{"align":5,"bounds":{"x":0.0,"y":0.0},"bounds_align":0,"bounds_type":0,"crop_bottom":0,"crop_left":0,"crop_right":0,"crop_top":0,"group_item_backup":false,"hide_transition":{"duration":0},"id":31,"locked":true,"name":"Venue Logo","pos":{"x":550.0,"y":0.0},"private_settings":{},"rot":0.0,"scale":{"x":0.30150753259658813,"y":0.30232557654380798},"scale_filter":"disable","show_transition":{"duration":0},"visible":true}]},"sync":0,"versioned_id":"scene","volume":1.0},{"balance":0.5,"deinterlace_field_order":0,"deinterlace_mode":0,"enabled":true,"flags":0,"hotkeys":{"libobs.mute":[],"libobs.push-to-mute":[],"libobs.push-to-talk":[],"libobs.unmute":[]},"id":"browser_source","mixers":255,"monitoring_type":0,"muted":false,"name":"[DA] Name - P2","prev_ver":452984832,"private_settings":{},"push-to-mute":false,"push-to-mute-delay":0,"push-to-talk":false,"push-to-talk-delay":0,"settings":{"css":"","fps":1,"fps_custom":true,"height":40,"url":"https://www.dartsatlas.com/matches//broadcast_name?player=2","width":460},"sync":0,"versioned_id":"browser_source","volume":1.0},{"balance":0.5,"deinterlace_field_order":0,"deinterlace_mode":0,"enabled":true,"flags":0,"hotkeys":{"libobs.mute":[],"libobs.push-to-mute":[],"libobs.push-to-talk":[],"libobs.unmute":[]},"id":"browser_source","mixers":255,"monitoring_type":0,"muted":false,"name":"[DA] Name - P1","prev_ver":452984832,"private_settings":{},"push-to-mute":false,"push-to-mute-delay":0,"push-to-talk":false,"push-to-talk-delay":0,"settings":{"css":"","fps":1,"fps_custom":true,"height":40,"url":"https://www.dartsatlas.com/matches//broadcast_name?player=1","width":460},"sync":0,"versioned_id":"browser_source","volume":1.0},{"balance":0.5,"deinterlace_field_order":0,"deinterlace_mode":0,"enabled":true,"flags":0,"hotkeys":{"OBSBasic.SelectScene":[],"libobs.hide_scene_item.Match Summary Background":[],"libobs.hide_scene_item.Player Names":[],"libobs.hide_scene_item.Ticker":[],"libobs.hide_scene_item.[DA] Match Summary":[],"libobs.show_scene_item.Match Summary Background":[],"libobs.show_scene_item.Player Names":[],"libobs.show_scene_item.Ticker":[],"libobs.show_scene_item.[DA] Match Summary":[]},"id":"scene","mixers":0,"monitoring_type":0,"muted":false,"name":"Summary","prev_ver":452984832,"private_settings":{},"push-to-mute":false,"push-to-mute-delay":0,"push-to-talk":false,"push-to-talk-delay":0,"settings":{"custom_size":false,"id_counter":10,"items":[{"align":5,"bounds":{"x":0.0,"y":0.0},"bounds_align":0,"bounds_type":0,"crop_bottom":0,"crop_left":0,"crop_right":0,"crop_top":0,"group_item_backup":true,"hide_transition":{"duration":0},"id":2,"locked":true,"name":"Ticker Background","pos":{"x":0.0,"y":675.0},"private_settings":{},"rot":0.0,"scale":{"x":1.0,"y":1.0},"scale_filter":"disable","show_transition":{"duration":0},"visible":true},{"align":5,"bounds":{"x":0.0,"y":0.0},"bounds_align":0,"bounds_type":0,"crop_bottom":0,"crop_left":0,"crop_right":0,"crop_top":0,"group_item_backup":true,"hide_transition":{"duration":0},"id":4,"locked":true,"name":"Ticker Text","pos":{"x":80.0,"y":681.0},"private_settings":{},"rot":0.0,"scale":{"x":1.0,"y":1.0},"scale_filter":"disable","show_transition":{"duration":0},"visible":true},{"align":5,"bounds":{"x":1.0,"y":1.0},"bounds_align":0,"bounds_type":0,"crop_bottom":0,"crop_left":0,"crop_right":0,"crop_top":0,"group_item_backup":true,"hide_transition":{"duration":0},"id":6,"locked":true,"name":"City League Logo","pos":{"x":1190.0,"y":630.0},"private_settings":{},"rot":0.0,"scale":{"x":0.3515625,"y":0.3515625},"scale_filter":"disable","show_transition":{"duration":0},"visible":true},{"align":5,"bounds":{"x":1.0,"y":1.0},"bounds_align":0,"bounds_type":0,"crop_bottom":0,"crop_left":0,"crop_right":0,"crop_top":0,"group_item_backup":true,"hide_transition":{"duration":0},"id":5,"locked":true,"name":"Darts Atlas Logo","pos":{"x":0.0,"y":630.0},"private_settings":{},"rot":0.0,"scale":{"x":0.3515625,"y":0.3515625},"scale_filter":"disable","show_transition":{"duration":0},"visible":true},{"align":5,"bounds":{"x":0.0,"y":0.0},"bounds_align":0,"bounds_type":0,"crop_bottom":0,"crop_left":0,"crop_right":0,"crop_top":0,"group_item_backup":false,"hide_transition":{"duration":0},"id":4,"locked":true,"name":"Ticker","pos":{"x":0.0,"y":630.0},"private_settings":{"collapsed":false},"rot":0.0,"scale":{"x":1.0,"y":1.0},"scale_filter":"disable","show_transition":{"duration":0},"visible":true},{"align":5,"bounds":{"x":0.0,"y":0.0},"bounds_align":0,"bounds_type":0,"crop_bottom":0,"crop_left":0,"crop_right":0,"crop_top":0,"group_item_backup":false,"hide_transition":{"duration":0},"id":1,"locked":true,"name":"[DA] Match Summary","pos":{"x":140.0,"y":64.0},"private_settings":{},"rot":0.0,"scale":{"x":1.0,"y":1.0},"scale_filter":"disable","show_transition":{"duration":0},"visible":true},{"align":5,"bounds":{"x":0.0,"y":0.0},"bounds_align":0,"bounds_type":0,"crop_bottom":0,"crop_left":0,"crop_right":0,"crop_top":0,"group_item_backup":true,"hide_transition":{"duration":0},"id":7,"locked":true,"name":"Match Summary Background","pos":{"x":0.0,"y":0.0},"private_settings":{},"rot":0.0,"scale":{"x":1.0,"y":0.58181816339492798},"scale_filter":"disable","show_transition":{"duration":0},"visible":true},{"align":5,"bounds":{"x":1.0,"y":1.0},"bounds_align":0,"bounds_type":0,"crop_bottom":0,"crop_left":0,"crop_right":0,"crop_top":0,"group_item_backup":true,"hide_transition":{"duration":0},"id":3,"locked":true,"name":"[DA] Name - P2","pos":{"x":742.0,"y":13.0},"private_settings":{},"rot":0.0,"scale":{"x":1.0,"y":1.0},"scale_filter":"disable","show_transition":{"duration":0},"visible":true},{"align":5,"bounds":{"x":0.0,"y":0.0},"bounds_align":0,"bounds_type":0,"crop_bottom":0,"crop_left":0,"crop_right":0,"crop_top":0,"group_item_backup":true,"hide_transition":{"duration":0},"id":2,"locked":true,"name":"[DA] Name - P1","pos":{"x":76.0,"y":13.0},"private_settings":{},"rot":0.0,"scale":{"x":1.0,"y":1.0},"scale_filter":"disable","show_transition":{"duration":0},"visible":true},{"align":5,"bounds":{"x":0.0,"y":0.0},"bounds_align":0,"bounds_type":0,"crop_bottom":0,"crop_left":0,"crop_right":0,"crop_top":0,"group_item_backup":false,"hide_transition":{"duration":0},"id":9,"locked":true,"name":"Player Names","pos":{"x":0.0,"y":0.0},"private_settings":{"collapsed":true},"rot":0.0,"scale":{"x":1.0,"y":1.0},"scale_filter":"disable","show_transition":{"duration":0},"visible":true}]},"sync":0,"versioned_id":"scene","volume":1.0},{"balance":0.5,"deinterlace_field_order":0,"deinterlace_mode":0,"enabled":true,"flags":0,"hotkeys":{"OBSBasic.SelectScene":[],"libobs.hide_scene_item.Match Preview":[],"libobs.hide_scene_item.Player 1":[],"libobs.hide_scene_item.Player 2":[],"libobs.hide_scene_item.Preview Header Background":[],"libobs.hide_scene_item.Ticker":[],"libobs.hide_scene_item.[DA] Match Preview":[],"libobs.show_scene_item.Match Preview":[],"libobs.show_scene_item.Player 1":[],"libobs.show_scene_item.Player 2":[],"libobs.show_scene_item.Preview Header Background":[],"libobs.show_scene_item.Ticker":[],"libobs.show_scene_item.[DA] Match Preview":[]},"id":"scene","mixers":0,"monitoring_type":0,"muted":false,"name":"Preview","prev_ver":452984832,"private_settings":{},"push-to-mute":false,"push-to-mute-delay":0,"push-to-talk":false,"push-to-talk-delay":0,"settings":{"custom_size":false,"id_counter":17,"items":[{"align":5,"bounds":{"x":0.0,"y":0.0},"bounds_align":0,"bounds_type":0,"crop_bottom":0,"crop_left":0,"crop_right":0,"crop_top":0,"group_item_backup":true,"hide_transition":{"duration":0},"id":2,"locked":true,"name":"Ticker Background","pos":{"x":0.0,"y":675.0},"private_settings":{},"rot":0.0,"scale":{"x":1.0,"y":1.0},"scale_filter":"disable","show_transition":{"duration":0},"visible":true},{"align":5,"bounds":{"x":0.0,"y":0.0},"bounds_align":0,"bounds_type":0,"crop_bottom":0,"crop_left":0,"crop_right":0,"crop_top":0,"group_item_backup":true,"hide_transition":{"duration":0},"id":4,"locked":true,"name":"Ticker Text","pos":{"x":80.0,"y":681.0},"private_settings":{},"rot":0.0,"scale":{"x":1.0,"y":1.0},"scale_filter":"disable","show_transition":{"duration":0},"visible":true},{"align":5,"bounds":{"x":1.0,"y":1.0},"bounds_align":0,"bounds_type":0,"crop_bottom":0,"crop_left":0,"crop_right":0,"crop_top":0,"group_item_backup":true,"hide_transition":{"duration":0},"id":6,"locked":true,"name":"City League Logo","pos":{"x":1190.0,"y":630.0},"private_settings":{},"rot":0.0,"scale":{"x":0.3515625,"y":0.3515625},"scale_filter":"disable","show_transition":{"duration":0},"visible":true},{"align":5,"bounds":{"x":1.0,"y":1.0},"bounds_align":0,"bounds_type":0,"crop_bottom":0,"crop_left":0,"crop_right":0,"crop_top":0,"group_item_backup":true,"hide_transition":{"duration":0},"id":5,"locked":true,"name":"Darts Atlas Logo","pos":{"x":0.0,"y":630.0},"private_settings":{},"rot":0.0,"scale":{"x":0.3515625,"y":0.3515625},"scale_filter":"disable","show_transition":{"duration":0},"visible":true},{"align":5,"bounds":{"x":0.0,"y":0.0},"bounds_align":0,"bounds_type":0,"crop_bottom":0,"crop_left":0,"crop_right":0,"crop_top":0,"group_item_backup":false,"hide_transition":{"duration":0},"id":13,"locked":true,"name":"Ticker","pos":{"x":0.0,"y":630.0},"private_settings":{"collapsed":true},"rot":0.0,"scale":{"x":1.0,"y":1.0},"scale_filter":"disable","show_transition":{"duration":0},"visible":true},{"align":5,"bounds":{"x":0.0,"y":0.0},"bounds_align":0,"bounds_type":0,"crop_bottom":97,"crop_left":0,"crop_right":0,"crop_top":0,"group_item_backup":false,"hide_transition":{"duration":0},"id":12,"locked":true,"name":"[DA] Match Preview","pos":{"x":40.0,"y":140.0},"private_settings":{},"rot":0.0,"scale":{"x":1.0,"y":1.0},"scale_filter":"disable","show_transition":{"duration":0},"visible":true},{"align":5,"bounds":{"x":0.0,"y":0.0},"bounds_align":0,"bounds_type":0,"crop_bottom":0,"crop_left":0,"crop_right":0,"crop_top":0,"group_item_backup":false,"hide_transition":{"duration":0},"id":14,"locked":true,"name":"Preview Header Background","pos":{"x":0.0,"y":0.0},"private_settings":{},"rot":0.0,"scale":{"x":1.0,"y":1.0},"scale_filter":"disable","show_transition":{"duration":0},"visible":true},{"align":5,"bounds":{"x":0.0,"y":0.0},"bounds_align":0,"bounds_type":0,"crop_bottom":0,"crop_left":0,"crop_right":0,"crop_top":0,"group_item_backup":true,"hide_transition":{"duration":0},"id":3,"locked":true,"name":"[DA] Name - P2","pos":{"x":820.0,"y":88.0},"private_settings":{},"rot":0.0,"scale":{"x":1.0,"y":1.0},"scale_filter":"disable","show_transition":{"duration":0},"visible":true},{"align":5,"bounds":{"x":0.0,"y":0.0},"bounds_align":0,"bounds_type":0,"crop_bottom":0,"crop_left":0,"crop_right":0,"crop_top":0,"group_item_backup":true,"hide_transition":{"duration":0},"id":8,"locked":true,"name":"[DA] Nickname - P2","pos":{"x":820.0,"y":58.0},"private_settings":{},"rot":0.0,"scale":{"x":1.0,"y":1.0},"scale_filter":"disable","show_transition":{"duration":0},"visible":true},{"align":5,"bounds":{"x":0.0,"y":0.0},"bounds_align":0,"bounds_type":0,"crop_bottom":0,"crop_left":0,"crop_right":0,"crop_top":0,"group_item_backup":false,"hide_transition":{"duration":0},"id":10,"locked":true,"name":"Player 2","pos":{"x":820.0,"y":58.0},"private_settings":{"collapsed":true},"rot":0.0,"scale":{"x":1.0,"y":1.0},"scale_filter":"disable","show_transition":{"duration":0},"visible":true},{"align":5,"bounds":{"x":0.0,"y":0.0},"bounds_align":0,"bounds_type":0,"crop_bottom":0,"crop_left":0,"crop_right":0,"crop_top":0,"group_item_backup":true,"hide_transition":{"duration":0},"id":2,"locked":true,"name":"[DA] Name - P1","pos":{"x":0.0,"y":87.0},"private_settings":{},"rot":0.0,"scale":{"x":1.0,"y":1.0},"scale_filter":"disable","show_transition":{"duration":0},"visible":true},{"align":5,"bounds":{"x":0.0,"y":0.0},"bounds_align":0,"bounds_type":0,"crop_bottom":0,"crop_left":0,"crop_right":0,"crop_top":0,"group_item_backup":true,"hide_transition":{"duration":0},"id":7,"locked":true,"name":"[DA] Nickname - P1","pos":{"x":0.0,"y":57.0},"private_settings":{},"rot":0.0,"scale":{"x":1.0,"y":1.0},"scale_filter":"disable","show_transition":{"duration":0},"visible":true},{"align":5,"bounds":{"x":0.0,"y":0.0},"bounds_align":0,"bounds_type":0,"crop_bottom":0,"crop_left":0,"crop_right":0,"crop_top":0,"group_item_backup":false,"hide_transition":{"duration":0},"id":9,"locked":true,"name":"Player 1","pos":{"x":0.0,"y":57.0},"private_settings":{"collapsed":true},"rot":0.0,"scale":{"x":1.0,"y":1.0},"scale_filter":"disable","show_transition":{"duration":0},"visible":true},{"align":5,"bounds":{"x":0.0,"y":0.0},"bounds_align":0,"bounds_type":0,"crop_bottom":0,"crop_left":0,"crop_right":0,"crop_top":0,"group_item_backup":false,"hide_transition":{"duration":0},"id":15,"locked":true,"name":"Match Preview","pos":{"x":564.0,"y":19.0},"private_settings":{},"rot":0.0,"scale":{"x":1.0,"y":1.0},"scale_filter":"disable","show_transition":{"duration":0},"visible":true}]},"sync":0,"versioned_id":"scene","volume":1.0},{"balance":0.5,"deinterlace_field_order":0,"deinterlace_mode":0,"enabled":true,"flags":0,"hotkeys":{"libobs.mute":[],"libobs.push-to-mute":[],"libobs.push-to-talk":[],"libobs.unmute":[]},"id":"browser_source","mixers":255,"monitoring_type":0,"muted":false,"name":"[DA] Dart Counts - Stacked - Page 1","prev_ver":452984832,"private_settings":{},"push-to-mute":false,"push-to-mute-delay":0,"push-to-talk":false,"push-to-talk-delay":0,"settings":{"css":"","fps":1,"fps_custom":true,"height":130,"reroute_audio":false,"restart_when_active":false,"shutdown":false,"url":"https://www.dartsatlas.com/matches//broadcast_tv_dart_counts?theme_color=&text_color=&page=1","width":500},"sync":0,"versioned_id":"browser_source","volume":1.0},{"balance":0.5,"deinterlace_field_order":0,"deinterlace_mode":0,"enabled":true,"flags":0,"hotkeys":{"libobs.mute":[],"libobs.push-to-mute":[],"libobs.push-to-talk":[],"libobs.unmute":[]},"id":"browser_source","mixers":255,"monitoring_type":0,"muted":false,"name":"[DA] Match Preview","prev_ver":452984832,"private_settings":{},"push-to-mute":false,"push-to-mute-delay":0,"push-to-talk":false,"push-to-talk-delay":0,"settings":{"css":"","height":400,"url":"https://www.dartsatlas.com/matches//broadcast_preview?theme_color=&text_color=","width":1200},"sync":0,"versioned_id":"browser_source","volume":1.0},{"balance":0.5,"deinterlace_field_order":0,"deinterlace_mode":0,"enabled":true,"flags":0,"hotkeys":{"OBSBasic.SelectScene":[],"libobs.hide_scene_item.Ticker":[],"libobs.hide_scene_item.[DA] Standings":[],"libobs.show_scene_item.Ticker":[],"libobs.show_scene_item.[DA] Standings":[]},"id":"scene","mixers":0,"monitoring_type":0,"muted":false,"name":"Standings","prev_ver":452984832,"private_settings":{},"push-to-mute":false,"push-to-mute-delay":0,"push-to-talk":false,"push-to-talk-delay":0,"settings":{"custom_size":false,"id_counter":5,"items":[{"align":5,"bounds":{"x":0.0,"y":0.0},"bounds_align":0,"bounds_type":0,"crop_bottom":227,"crop_left":0,"crop_right":0,"crop_top":0,"group_item_backup":false,"hide_transition":{"duration":0},"id":1,"locked":true,"name":"[DA] Standings","pos":{"x":313.0,"y":166.83770751953125},"private_settings":{},"rot":0.0,"scale":{"x":0.81749999523162842,"y":0.81675392389297485},"scale_filter":"disable","show_transition":{"duration":0},"visible":true},{"align":5,"bounds":{"x":0.0,"y":0.0},"bounds_align":0,"bounds_type":0,"crop_bottom":0,"crop_left":0,"crop_right":0,"crop_top":0,"group_item_backup":true,"hide_transition":{"duration":0},"id":2,"locked":true,"name":"Ticker Background","pos":{"x":0.0,"y":675.0},"private_settings":{},"rot":0.0,"scale":{"x":1.0,"y":1.0},"scale_filter":"disable","show_transition":{"duration":0},"visible":true},{"align":5,"bounds":{"x":0.0,"y":0.0},"bounds_align":0,"bounds_type":0,"crop_bottom":0,"crop_left":0,"crop_right":0,"crop_top":0,"group_item_backup":true,"hide_transition":{"duration":0},"id":4,"locked":true,"name":"Ticker Text","pos":{"x":80.0,"y":681.0},"private_settings":{},"rot":0.0,"scale":{"x":1.0,"y":1.0},"scale_filter":"disable","show_transition":{"duration":0},"visible":true},{"align":5,"bounds":{"x":1.0,"y":1.0},"bounds_align":0,"bounds_type":0,"crop_bottom":0,"crop_left":0,"crop_right":0,"crop_top":0,"group_item_backup":true,"hide_transition":{"duration":0},"id":6,"locked":true,"name":"City League Logo","pos":{"x":1190.0,"y":630.0},"private_settings":{},"rot":0.0,"scale":{"x":0.3515625,"y":0.3515625},"scale_filter":"disable","show_transition":{"duration":0},"visible":true},{"align":5,"bounds":{"x":1.0,"y":1.0},"bounds_align":0,"bounds_type":0,"crop_bottom":0,"crop_left":0,"crop_right":0,"crop_top":0,"group_item_backup":true,"hide_transition":{"duration":0},"id":5,"locked":true,"name":"Darts Atlas Logo","pos":{"x":0.0,"y":630.0},"private_settings":{},"rot":0.0,"scale":{"x":0.3515625,"y":0.3515625},"scale_filter":"disable","show_transition":{"duration":0},"visible":true},{"align":5,"bounds":{"x":0.0,"y":0.0},"bounds_align":0,"bounds_type":0,"crop_bottom":0,"crop_left":0,"crop_right":0,"crop_top":0,"group_item_backup":false,"hide_transition":{"duration":0},"id":2,"locked":true,"name":"Ticker","pos":{"x":0.0,"y":630.0},"private_settings":{"collapsed":true},"rot":0.0,"scale":{"x":1.0,"y":1.0},"scale_filter":"disable","show_transition":{"duration":0},"visible":true}]},"sync":0,"versioned_id":"scene","volume":1.0},{"balance":0.5,"deinterlace_field_order":0,"deinterlace_mode":0,"enabled":true,"flags":0,"hotkeys":{"libobs.mute":[],"libobs.push-to-mute":[],"libobs.push-to-talk":[],"libobs.unmute":[]},"id":"browser_source","mixers":255,"monitoring_type":0,"muted":false,"name":"[DA] Standings","prev_ver":452984832,"private_settings":{},"push-to-mute":false,"push-to-mute-delay":0,"push-to-talk":false,"push-to-talk-delay":0,"settings":{"css":"","fps":1,"fps_custom":true,"height":700,"restart_when_active":false,"url":"https://www.dartsatlas.com/matches//season_standings?theme_color=&text_color="},"sync":0,"versioned_id":"browser_source","volume":1.0},{"balance":0.5,"deinterlace_field_order":0,"deinterlace_mode":0,"enabled":true,"flags":0,"hotkeys":{"libobs.mute":[],"libobs.push-to-mute":[],"libobs.push-to-talk":[],"libobs.unmute":[]},"id":"browser_source","mixers":255,"monitoring_type":0,"muted":false,"name":"[DA] Dart Counts - Stacked - Page 2","prev_ver":452984832,"private_settings":{},"push-to-mute":false,"push-to-mute-delay":0,"push-to-talk":false,"push-to-talk-delay":0,"settings":{"css":"","fps":30,"fps_custom":false,"height":130,"reroute_audio":false,"restart_when_active":false,"shutdown":false,"url":"https://www.dartsatlas.com/matches//broadcast_tv_dart_counts?theme_color=&text_color=&page=2","width":500},"sync":0,"versioned_id":"browser_source","volume":1.0},{"balance":0.5,"deinterlace_field_order":0,"deinterlace_mode":0,"enabled":true,"flags":0,"hotkeys":{"libobs.mute":[],"libobs.push-to-mute":[],"libobs.push-to-talk":[],"libobs.unmute":[]},"id":"browser_source","mixers":255,"monitoring_type":0,"muted":false,"name":"[DA] Dart Counts - Stacked - Page 3","prev_ver":452984832,"private_settings":{},"push-to-mute":false,"push-to-mute-delay":0,"push-to-talk":false,"push-to-talk-delay":0,"settings":{"css":"","height":130,"url":"https://www.dartsatlas.com/matches//broadcast_tv_dart_counts?theme_color=&text_color=&page=3","width":500},"sync":0,"versioned_id":"browser_source","volume":1.0},{"balance":0.5,"deinterlace_field_order":0,"deinterlace_mode":0,"enabled":true,"flags":0,"hotkeys":{},"id":"text_ft2_source","mixers":0,"monitoring_type":0,"muted":false,"name":"Timer Text","prev_ver":452984832,"private_settings":{},"push-to-mute":false,"push-to-mute-delay":0,"push-to-talk":false,"push-to-talk-delay":0,"settings":{"font":{"face":"Play","flags":1,"size":52,"style":"Bold"},"text":"00:09:57"},"sync":0,"versioned_id":"text_ft2_source_v2","volume":1.0}],"transition_duration":300,"transitions":[]}